runtime_label	accounting_class	claim_layer	legitimacy_claim_type	legitimacy_status	mapped_external_source_count	mapped_external_source_ids	source_mapping_batch	source_mapping_status	design_provenance	productive_acceptance_eligible	note
ANotAQuestion	external_source_mapped	language	cantonese_language_claim	research_pending	5	SRC-FAN-2026-JAU-VP,SRC-HARA-2023-POLAR,SRC-LAW-2001-ANOTA,SRC-LI-2017-ANOTA,SRC-YIP-1988-NEGATION	CP021B-R7	COMPLETE_WITH_SUBTYPE_AND_FORM_SPLIT_BOUNDARY		false	External mapping is retained; exact productivity still depends on pattern-specific evidence and acceptance.
AcceptabilityANotA	external_source_mapped	language	cantonese_language_claim	unsupported_generalization	1	SRC-LI-2017-ANOTA	CP021B-R7	GENERAL_FORM_LINKED_EXACT_SUBTYPE_GAP		false	External mapping is retained; exact productivity still depends on pattern-specific evidence and acceptance.
AcceptabilityClause	external_source_mapped	language	cantonese_language_claim	unsupported_generalization	2	SRC-CHENG-SYBESMA-2004-POSTVERBAL-DAK;SRC-ZHENG-ZHANG-GAO-2021-HK-CANTONESE-COURSE	CP021B-R30	SOURCE_LINKED_DOU1_DAK1_ACCEPTABILITY_WITH_HOST_FREE_CHOICE_AND_FOCUS_SCOPE_SPLIT_REQUIRED		false	External mapping is retained; exact productivity still depends on pattern-specific evidence and acceptance.
ActionStativeVP	external_source_mapped	language	cantonese_language_claim	research_pending	4	SRC-ALDERETE-ETAL-2017-SYNOPSIS;SRC-BOND-SIO-2024-CLASSIFIERS;SRC-XIA-2025-CLASSIFIERS;SRC-ZHENG-ZHANG-GAO-2021-HK-CANTONESE-COURSE	CP021B-R29	MIXED_QUANTITY_SCALAR_COMPLEMENT_MISANALYSIS_MERGE_OR_RETIRE_REQUIRED		false	External mapping is retained; exact productivity still depends on pattern-specific evidence and acceptance.
AdjectivalPredicateClause	external_source_mapped	language	cantonese_language_claim	unsupported_generalization	2	SRC-ALDERETE-ETAL-2017-SYNOPSIS,SRC-FRANCIS-MATTHEWS-2005-VERB-CATEGORY	CP021B-R8	LANGUAGE_FORM_LINKED_DORMANT_DUPLICATE_LABEL		false	External mapping is retained; exact productivity still depends on pattern-specific evidence and acceptance.
ApproximateQuantity	external_source_mapped	language	cantonese_language_claim	unsupported_generalization	1	SRC-TANG-2024-CANTONESE-GRAMMAR-GUIDE	CP021B-R19	APPROXIMATION_MARKER_AND_POSITION_SPLIT_WITH_POSTCLASSIFIER_DOU6_SOURCE_GAP		false	External mapping is retained; exact productivity still depends on pattern-specific evidence and acceptance.
AssociativeNP	external_source_mapped	language	cantonese_language_claim	unsupported_generalization	2	SRC-SIO-2011-GE3,SRC-YU-2006-NOMINAL-MODIFIERS	CP021B-R11	COMPLETE_WITH_GE3_MODIFIER_SUBTYPE_SPLIT		false	External mapping is retained; exact productivity still depends on pattern-specific evidence and acceptance.
BareClassifierNP	external_source_mapped	language	cantonese_language_claim	unsupported_generalization	3	SRC-BOND-SIO-2024-CLASSIFIERS,SRC-CHENG-SYBESMA-1999-NP,SRC-SIMPSON-SOH-NOMOTO-2011-BARE-CL	CP021B-R5	COMPLETE_DORMANT_RETIRE_OR_REDEFINE		false	External mapping is retained; exact productivity still depends on pattern-specific evidence and acceptance.
CausativeResultFrame	external_source_mapped	language	cantonese_language_claim	unsupported_generalization	2	SRC-LAI-PANG-2023;SRC-MATTHEWS-YIP-2011-ASPECT-MULTIMEDIA	CP021B-R28	COMPLETE_WITH_SPLIT_GAP_MERGE_AND_REALIGNMENT_BOUNDARIES		false	External mapping is retained; exact productivity still depends on pattern-specific evidence and acceptance.
CausativeResultPredicate	external_source_mapped	language	cantonese_language_claim	unsupported_generalization	2	SRC-KEDZIOR-2023;SRC-LAI-PANG-2023	CP021B-R28	COMPLETE_WITH_SPLIT_GAP_MERGE_AND_REALIGNMENT_BOUNDARIES		false	External mapping is retained; exact productivity still depends on pattern-specific evidence and acceptance.
ChangeIntoPredicate	external_source_mapped	language	cantonese_language_claim	unsupported_generalization	2	SRC-LAI-PANG-2023;SRC-ZHENG-ZHANG-GAO-2021-HK-CANTONESE-COURSE	CP021B-R28	COMPLETE_WITH_SPLIT_GAP_MERGE_AND_REALIGNMENT_BOUNDARIES		false	External mapping is retained; exact productivity still depends on pattern-specific evidence and acceptance.
ClassifierObjectNP	external_source_mapped	language	cantonese_language_claim	unsupported_generalization	4	SRC-BOND-SIO-2024-CLASSIFIERS,SRC-CHENG-SYBESMA-1999-NP,SRC-SIMPSON-SOH-NOMOTO-2011-BARE-CL,SRC-XIA-2025-CLASSIFIERS	CP021B-R5	COMPLETE_REPRESENTATION_REALIGNMENT		false	External mapping is retained; exact productivity still depends on pattern-specific evidence and acceptance.
ClauseRelationEdge	internal_representation_or_heuristic	internal	parser_representation_decision	parser_heuristic	0				EP-CP022-I1A-I02-D1; docs/research/CP022-I1A-I02-A1-ACCEPTANCE.md	false	Internal representation or heuristic; cannot independently license Cantonese grammar.
ClauseRelationGraph	internal_representation_or_heuristic	internal	parser_representation_decision	parser_heuristic	0				EP-CP022-I1A-I02-D1; docs/research/CP022-I1A-I02-A1-ACCEPTANCE.md	false	Internal representation or heuristic; cannot independently license Cantonese grammar.
ClauseRelationMemberSpan	internal_representation_or_heuristic	internal	parser_representation_decision	parser_heuristic	0				EP-CP022-I1A-I02-D1; docs/research/CP022-I1A-I02-A1-ACCEPTANCE.md	false	Internal representation or heuristic; cannot independently license Cantonese grammar.
ClauseSpan	internal_representation_or_heuristic	internal	parser_representation_decision	parser_heuristic	0				EP-CP022-I1A-I01-D1; docs/research/CP022-I1A-I01-A1-ACCEPTANCE.md	false	Internal representation or heuristic; cannot independently license Cantonese grammar.
CognitionContentFrame	external_source_mapped	language	cantonese_language_claim	research_pending	3	SRC-ALDERETE-ETAL-2017-SYNOPSIS,SRC-LUI-2025-REPORTED-THOUGHT,SRC-YAP-WONG-CHOR-2014-STANCE	CP021B-R15	COMPLETE_WITH_LEXICAL_SELECTION_AND_COMPLEMENT_BOUNDARIES		false	External mapping is retained; exact productivity still depends on pattern-specific evidence and acceptance.
CognitionDelimitedObjectVP	external_source_mapped	language	cantonese_language_claim	unsupported_generalization	3	SRC-ALDERETE-ETAL-2017-SYNOPSIS,SRC-SIO-BOND-2025,SRC-ZHENG-ZHANG-GAO-2021-HK-CANTONESE-COURSE	CP021B-R31	COMPLEMENT_TYPES_LINKED_EXACT_NP_TEMPLATE_GAP		false	External mapping is retained; exact productivity still depends on pattern-specific evidence and acceptance.
CognitionDelimitedVP	external_source_mapped	language	cantonese_language_claim	unsupported_generalization	2	SRC-SIO-BOND-2025,SRC-ZHENG-ZHANG-GAO-2021-HK-CANTONESE-COURSE	CP021B-R31	COMPONENT_FORM_LINKED_SPECIAL_WRAPPER_REALIGNMENT		false	External mapping is retained; exact productivity still depends on pattern-specific evidence and acceptance.
CognitionStatementClause	external_source_mapped	language	cantonese_language_claim	unsupported_generalization	2	SRC-LUI-2025-REPORTED-THOUGHT,SRC-YAP-WONG-CHOR-2014-STANCE	CP021B-R15	PARTIAL_GENERAL_BARE_PROFILE_LINKED_EXACT_POSITIVE_FORM_GAP		false	External mapping is retained; exact productivity still depends on pattern-specific evidence and acceptance.
Comment	internal_representation_or_heuristic	internal	parser_representation_decision	parser_heuristic	0		CP021B-R34	COMPLETE_INTERNAL_DISPOSITION	CP021B-R34; PARSER-CONSTRUCTION-INTERNAL-DISPOSITION-MATRIX-CP021B-R34.tsv; MERGE_COMMENT_NODE_INTO_TOPICCOMMENT_PREDICATE_ROLE	false	Internal representation or heuristic; cannot independently license Cantonese grammar.
ComparativeStative	external_source_mapped	language	cantonese_language_claim	unsupported_generalization	2	SRC-LAM-2014-SURPASS-COMPARATIVE;SRC-ZHENG-ZHANG-GAO-2021-HK-CANTONESE-COURSE	CP021B-R29	SOURCE_LINKED_DI1_SCALAR_COMPARATIVE_WITH_POSITIONAL_SPLIT_AND_DORMANT_DUPLICATE_MERGE_OR_RETIRE		false	External mapping is retained; exact productivity still depends on pattern-specific evidence and acceptance.
ComplementEllipsisFragment	external_source_mapped	language	cantonese_language_claim	research_pending	6	SRC-ALDERETE-ETAL-2017-SYNOPSIS;SRC-CHENG-2022-HAI6-RESPONSE;SRC-LEE-PAN-2024-VP-ELLIPSIS;SRC-LUKE-NANCARROW-1998-AUXILIARIES;SRC-YIP-MATTHEWS-2000-SYNTACTIC-TRANSFER;SRC-ZHENG-ZHANG-GAO-2021-HK-CANTONESE-COURSE	CP021B-R26	COMPLETE_WITH_SPLIT_AND_REALIGNMENT_BOUNDARIES		false	External mapping is retained; exact productivity still depends on pattern-specific evidence and acceptance.
CompletionQuestion	external_source_mapped	language	cantonese_language_claim	research_pending	1	SRC-YIP-MATTHEWS-2000-BASIC	CP021B-R6	COMPLETE_WITH_OVERT_LICENSING_NARROWING		false	External mapping is retained; exact productivity still depends on pattern-specific evidence and acceptance.
CompletionThenClause	external_source_mapped	language	cantonese_language_claim	unsupported_generalization	3	SRC-FAN-CHAN-2022,SRC-LIANG-MAI-2025-GRAMMAR-CODING,SRC-ZHENG-ZHANG-GAO-2021-HK-CANTONESE-COURSE	CP021B-R25	COMPLETE_WITH_SPLIT_AND_REALIGNMENT_BOUNDARIES		false	External mapping is retained; exact productivity still depends on pattern-specific evidence and acceptance.
CompletionVP	external_source_mapped	language	cantonese_language_claim	research_pending	4	SRC-FAN-CHAN-2022,SRC-SIO-BOND-2025,SRC-SYBESMA-2013,SRC-YIP-MATTHEWS-2000-BASIC	CP021B-R6	COMPLETE_WITH_PARTICLE_CLASS_SPLIT_BOUNDARY		false	External mapping is retained; exact productivity still depends on pattern-specific evidence and acceptance.
CompoundDirectionalMotionVP	external_source_mapped	language	cantonese_language_claim	unsupported_generalization	3	SRC-CHOR-2018-DIRECTIONALS,SRC-WONG-2023-LANGUAGE-SAMPLE,SRC-YIU-2016-DIRECTIONAL-ASPECT	CP021B-R3	REPRESENTATION_REALIGNMENT_REQUIRED		false	External mapping is retained; exact productivity still depends on pattern-specific evidence and acceptance.
ConditionResult	external_source_mapped	language	cantonese_language_claim	unsupported_generalization	3	SRC-CHENG-2023-TP-SFP-CONDITIONAL,SRC-LIANG-MAI-2025-GRAMMAR-CODING,SRC-ZHENG-ZHANG-GAO-2021-HK-CANTONESE-COURSE	CP021B-R25	COMPLETE_WITH_SPLIT_AND_REALIGNMENT_BOUNDARIES		false	External mapping is retained; exact productivity still depends on pattern-specific evidence and acceptance.
ConditionalClause	external_source_mapped	language	cantonese_language_claim	unsupported_generalization	4	SRC-CHENG-2023-TP-SFP-CONDITIONAL,SRC-IIDA-2009-CONDITIONAL-GE3,SRC-LIANG-MAI-2025-GRAMMAR-CODING,SRC-ZHENG-ZHANG-GAO-2021-HK-CANTONESE-COURSE	CP021B-R25	COMPLETE_WITH_SPLIT_AND_REALIGNMENT_BOUNDARIES		false	External mapping is retained; exact productivity still depends on pattern-specific evidence and acceptance.
CoordinatedNP	external_source_mapped	language	cantonese_language_claim	unsupported_generalization	2	SRC-WONG-2023-LANGUAGE-SAMPLE,SRC-ZHENG-ZHANG-GAO-2021-HK-CANTONESE-COURSE	CP021B-R32	NOMINAL_COORDINATION_LINKED_MARKER_AND_ROLE_SPLIT		false	External mapping is retained; exact productivity still depends on pattern-specific evidence and acceptance.
CopularANotAQuestion	external_source_mapped	language	cantonese_language_claim	unsupported_generalization	3	SRC-LAW-2001-ANOTA,SRC-LI-2017-ANOTA,SRC-YIP-1988-NEGATION	CP021B-R7	COMPLETE_WITH_CONTESTED_ANALYSIS_BOUNDARY		false	External mapping is retained; exact productivity still depends on pattern-specific evidence and acceptance.
CopularIdentificationFrame	internal_representation_or_heuristic	internal	parser_representation_decision	parser_heuristic	0		CP021B-R34	COMPLETE_INTERNAL_DISPOSITION	CP021B-R34; PARSER-CONSTRUCTION-INTERNAL-DISPOSITION-MATRIX-CP021B-R34.tsv; MERGE_TO_CANONICAL_COPULAR_CLAUSE_WITH_IDENTIFICATION_SUBTYPE	false	Internal representation or heuristic; cannot independently license Cantonese grammar.
CopularRelationFrame	internal_representation_or_heuristic	internal	parser_representation_decision	parser_heuristic	0		CP021B-R34	COMPLETE_INTERNAL_DISPOSITION	CP021B-R34; PARSER-CONSTRUCTION-INTERNAL-DISPOSITION-MATRIX-CP021B-R34.tsv; MERGE_TO_CANONICAL_COPULAR_CLAUSE_COMPLEMENT_TYPE_AS_METADATA	false	Internal representation or heuristic; cannot independently license Cantonese grammar.
CoverbFrame	external_source_mapped	language	cantonese_language_claim	research_pending	5	SRC-FRANCIS-MATTHEWS-2006-COVERBS,SRC-KWAN-2010-LOCATIVE,SRC-LEUNG-2014-COVERBS,SRC-WONG-2023-LANGUAGE-SAMPLE,SRC-ZHENG-ZHANG-GAO-2021-HK-CANTONESE-COURSE	CP021B-R23	COMPLETE_WITH_MARKER_ORDER_SCOPE_AND_WRAPPER_BOUNDARIES		false	External mapping is retained; exact productivity still depends on pattern-specific evidence and acceptance.
DefinitionComplement	internal_representation_or_heuristic	internal	parser_representation_decision	parser_heuristic	0		CP021B-R34	COMPLETE_INTERNAL_DISPOSITION	CP021B-R34; PARSER-CONSTRUCTION-INTERNAL-DISPOSITION-MATRIX-CP021B-R34.tsv; KEEP_INTERNAL_BOUNDED_DEFINITION_COMPLEMENT_SPAN_ONLY	false	Internal representation or heuristic; cannot independently license Cantonese grammar.
DefinitionExplanatoryFrame	internal_representation_or_heuristic	internal	parser_representation_decision	parser_heuristic	0		CP021B-R34	COMPLETE_INTERNAL_DISPOSITION	CP021B-R34; PARSER-CONSTRUCTION-INTERNAL-DISPOSITION-MATRIX-CP021B-R34.tsv; NARROW_EXACT_HAI6_COMPLEMENT_LAI4_GAA3_DEFINITION_PROFILE_OR_RECLASSIFY_LANGUAGE	false	Internal representation or heuristic; cannot independently license Cantonese grammar.
DegreeMannerAdverbial	external_source_mapped	language	cantonese_language_claim	research_pending	3	SRC-CHOW-2007-CANTONESE-EVERYONE,SRC-WONG-2023-LANGUAGE-SAMPLE,SRC-ZHENG-ZHANG-GAO-2021-HK-CANTONESE-COURSE	CP021B-R23	COMPLETE_WITH_MARKER_ORDER_SCOPE_AND_WRAPPER_BOUNDARIES		false	External mapping is retained; exact productivity still depends on pattern-specific evidence and acceptance.
DegreeMannerModifiedVP	external_source_mapped	language	cantonese_language_claim	unsupported_generalization	2	SRC-WONG-2023-LANGUAGE-SAMPLE,SRC-ZHENG-ZHANG-GAO-2021-HK-CANTONESE-COURSE	CP021B-R23	COMPLETE_WITH_MARKER_ORDER_SCOPE_AND_WRAPPER_BOUNDARIES		false	External mapping is retained; exact productivity still depends on pattern-specific evidence and acceptance.
DegreeModifiedLexicalStative	external_source_mapped	language	cantonese_language_claim	unsupported_generalization	1	SRC-LAM-LAU-LEE-2024-SEGMENTATION	CP021B-R8	GENERAL_COMPONENTS_LINKED_EXACT_COMBINATION_GAP		false	External mapping is retained; exact productivity still depends on pattern-specific evidence and acceptance.
DegreeStativePredicate	external_source_mapped	language	cantonese_language_claim	provisional	2	SRC-ALDERETE-ETAL-2017-SYNOPSIS,SRC-LAM-LAU-LEE-2024-SEGMENTATION	CP021B-R8	COMPLETE_WITH_MODIFIER_INVENTORY_AND_STACKING_GAPS		false	Provisional mapping requires retroactive source re-verification and two-speaker review before productive acceptance. External mapping is retained; exact productivity still depends on pattern-specific evidence and acceptance.
DelimitedVP	external_source_mapped	language	cantonese_language_claim	unsupported_generalization	3	SRC-CUHK-CANTONESE-EXPRESS-DAILY09,SRC-SIO-BOND-2025,SRC-ZHENG-ZHANG-GAO-2021-HK-CANTONESE-COURSE	CP021B-R21	COMPLETE_WITH_FORM_SEMANTIC_AND_CONTEXT_SPLIT_BOUNDARIES		false	External mapping is retained; exact productivity still depends on pattern-specific evidence and acceptance.
DemonstrativeClassifierNP	internal_representation_or_heuristic	internal	parser_representation_decision	parser_heuristic	0		CP024-P1-DEMO01-R1	COMPATIBILITY_ALIAS_ONLY	CP024-P1-DEMO01-R1; CP024-P1-DEMO01-IMPLEMENTATION-CANDIDATE-R1.md; INTERNAL_PUBLIC_DIAGNOSTIC_ALIAS_NO_LANGUAGE_LICENSING	false	Internal representation or heuristic; cannot independently license Cantonese grammar.
DemonstrativeHeadNP	external_source_mapped	language	cantonese_language_claim	unsupported_generalization	2	SRC-BOND-SIO-2024-CLASSIFIERS,SRC-LAM-LAU-LEE-2024-SEGMENTATION	CP021B-R5	COMPLETE_RETIRE_MISANALYSIS		false	External mapping is retained; exact productivity still depends on pattern-specific evidence and acceptance.
DemonstrativeQuantifiedClassifierNP	external_source_mapped	language	cantonese_language_claim	unsupported_generalization	3	SRC-BOND-SIO-2024-CLASSIFIERS,SRC-LAM-LAU-LEE-2024-SEGMENTATION,SRC-XIA-2025-CLASSIFIERS	CP021B-R5	COMPLETE_DORMANT_NARROW_OR_MERGE		false	External mapping is retained; exact productivity still depends on pattern-specific evidence and acceptance.
DesiderativeVP	external_source_mapped	language	cantonese_language_claim	research_pending	2	SRC-LUKE-NANCARROW-1998-AUXILIARIES,SRC-YIP-MATTHEWS-2000-BASIC	CP021B-R14	COMPLETE_WITH_AUXILIARY_CLASS_SCOPE_AND_COMPLEMENT_SPLITS		false	External mapping is retained; exact productivity still depends on pattern-specific evidence and acceptance.
DiMarkedNP	external_source_mapped	language	cantonese_language_claim	provisional	1	SRC-WINTERSTEIN-ETAL-2023-NOMINAL-EXPRESSIONS	CP021B-R11	COMPLETE_WITH_PLURAL_CLASSIFIER_RELABEL_BOUNDARY		false	Provisional mapping requires retroactive source re-verification and two-speaker review before productive acceptance. External mapping is retained; exact productivity still depends on pattern-specific evidence and acceptance.
DirectedMannerMotionVP	external_source_mapped	language	cantonese_language_claim	research_pending	3	SRC-LEUNG-2014-COVERBS,SRC-SHAN-JIN-2025-MOTION-TYPOLOGY,SRC-YIU-2016-DIRECTIONAL-ASPECT	CP021B-R3	NARROWING_SPLIT_REQUIRED		false	External mapping is retained; exact productivity still depends on pattern-specific evidence and acceptance.
DirectionalCausedMotionVP	external_source_mapped	language	cantonese_language_claim	unsupported_generalization	2	SRC-LAI-PANG-2023,SRC-YIU-2005-DIRECTIONAL-VERBS	CP021B-R33	CAUSED_MOTION_FAMILY_LINKED_DORMANT_LABEL_MERGE_OR_RETIRE		false	External mapping is retained; exact productivity still depends on pattern-specific evidence and acceptance.
DirectionalMotionVP	external_source_mapped	language	cantonese_language_claim	provisional	2	SRC-SHAN-JIN-2025-MOTION-TYPOLOGY,SRC-YIU-2016-DIRECTIONAL-ASPECT	CP021B-R3	PARTIAL_SPLIT_REQUIRED		false	Provisional mapping requires retroactive source re-verification and two-speaker review before productive acceptance. External mapping is retained; exact productivity still depends on pattern-specific evidence and acceptance.
DiscourseParticleFrame	internal_representation_or_heuristic	internal	parser_representation_decision	parser_heuristic	0		CP021B-R34	COMPLETE_INTERNAL_DISPOSITION	CP021B-R34; PARSER-CONSTRUCTION-INTERNAL-DISPOSITION-MATRIX-CP021B-R34.tsv; RENAME_INTERNAL_PARTICLE_SCOPE_WRAPPER_SUBTYPE_SEMANTICS_INHERIT_SOURCE_MAP	false	Internal representation or heuristic; cannot independently license Cantonese grammar.
DisposalChangeIntoResultFrame	external_source_mapped	language	cantonese_language_claim	unsupported_generalization	2	SRC-MATTHEWS-YIP-2011-ASPECT-MULTIMEDIA;SRC-ZHENG-ZHANG-GAO-2021-HK-CANTONESE-COURSE	CP021B-R28	COMPLETE_WITH_SPLIT_GAP_MERGE_AND_REALIGNMENT_BOUNDARIES		false	External mapping is retained; exact productivity still depends on pattern-specific evidence and acceptance.
DitransitiveSpeechVP	external_source_mapped	language	cantonese_language_claim	unsupported_generalization	2	SRC-MATTHEWS-2006-SVC,SRC-YIP-MATTHEWS-2017-INTERMEDIATE	CP021B-R31	EXACT_LEXICAL_SEQUENCE_LINKED_CATEGORY_CROSSPRODUCT_NARROWING		false	External mapping is retained; exact productivity still depends on pattern-specific evidence and acceptance.
DurativeVP	external_source_mapped	language	cantonese_language_claim	research_pending	4	SRC-FAN-2024-JAU-VP-ASPECT,SRC-KATAOKA-2018-PROGRESSIVE-GAN,SRC-MATTHEWS-YIP-2011-ASPECT-MULTIMEDIA,SRC-SIO-BOND-2025	CP021B-R13	COMPLETE_WITH_ASPECT_SELECTION_AND_COMPOSITION_BOUNDARIES		false	External mapping is retained; exact productivity still depends on pattern-specific evidence and acceptance.
EvaluationWithDouSyun	external_source_mapped	language	cantonese_language_claim	unsupported_generalization	2	SRC-LAM-2014-SURPASS-COMPARATIVE;SRC-ZHENG-ZHANG-GAO-2021-HK-CANTONESE-COURSE	CP021B-R29	COMPONENTS_PARTLY_LINKED_EXACT_DOU1_SYUN3_PRICE_WRAPPER_SOURCE_GAP_MERGE_OR_RETIRE		false	External mapping is retained; exact productivity still depends on pattern-specific evidence and acceptance.
ExistentialClause	external_source_mapped	language	cantonese_language_claim	research_pending	3	SRC-FAN-2026-JAU-VP,SRC-LAM-LAU-LEE-2024-SEGMENTATION,SRC-YIP-MATTHEWS-2000-BASIC	CP021B-R9	COMPLETE_WITH_POSSESSION_EXISTENCE_PRESENTATION_AND_AUXILIARY_SPLITS		false	External mapping is retained; exact productivity still depends on pattern-specific evidence and acceptance.
ExistentialPresentationalClause	external_source_mapped	language	cantonese_language_claim	research_pending	2	SRC-LAM-LAU-LEE-2024-SEGMENTATION,SRC-YIP-MATTHEWS-2000-BASIC	CP021B-R9	GENERAL_FAMILY_LINKED_EXACT_LOCATIVE_CODA_UNMAPPED		false	External mapping is retained; exact productivity still depends on pattern-specific evidence and acceptance.
ExistentialQuestion	external_source_mapped	language	cantonese_language_claim	unsupported_generalization	3	SRC-HARA-2023-POLAR,SRC-LIANG-MAI-2026-GRAMMAR-CODING,SRC-YIP-MATTHEWS-2000-BASIC	CP021B-R9	COMPLETE_WITH_POSSESSION_EXISTENCE_AVAILABILITY_EVENT_AND_ELLIPSIS_SPLITS		false	External mapping is retained; exact productivity still depends on pattern-specific evidence and acceptance.
ExistentialWhQuestion	external_source_mapped	language	cantonese_language_claim	research_pending	1	SRC-LIANG-MAI-2026-GRAMMAR-CODING	CP021B-R9	GENERAL_WH_COMPONENTS_LINKED_EXACT_YAU-ME_TEMPLATE_UNMAPPED		false	External mapping is retained; exact productivity still depends on pattern-specific evidence and acceptance.
ExperientialClause	external_source_mapped	language	cantonese_language_claim	unsupported_generalization	4	SRC-FAN-2024-JAU-VP-ASPECT,SRC-SIO-BOND-2025,SRC-ZHANG-1970-PREDICATIVE-SUFFIXES,SRC-ZHENG-ZHANG-GAO-2021-HK-CANTONESE-COURSE	CP021B-R24	COMPLETE_WITH_TRANSPARENT_WRAPPER_REALIGNMENT		false	External mapping is retained; exact productivity still depends on pattern-specific evidence and acceptance.
ExperientialMotionGoalVP	external_source_mapped	language	cantonese_language_claim	unsupported_generalization	1	SRC-YIP-MATTHEWS-2000-BASIC	CP021B-R13	COMPLETE_WITH_ASPECT_SELECTION_AND_COMPOSITION_BOUNDARIES		false	External mapping is retained; exact productivity still depends on pattern-specific evidence and acceptance.
ExperientialQuestion	external_source_mapped	language	cantonese_language_claim	unsupported_generalization	2	SRC-MATTHEWS-YIP-2011-ASPECT-MULTIMEDIA,SRC-YIP-MATTHEWS-2000-BASIC	CP021B-R13	COMPLETE_WITH_ASPECT_SELECTION_AND_COMPOSITION_BOUNDARIES		false	External mapping is retained; exact productivity still depends on pattern-specific evidence and acceptance.
ExperientialVP	external_source_mapped	language	cantonese_language_claim	provisional	4	SRC-FAN-2024-JAU-VP-ASPECT,SRC-MATTHEWS-YIP-2011-ASPECT-MULTIMEDIA,SRC-SIO-BOND-2025,SRC-YIP-MATTHEWS-2000-BASIC	CP021B-R13	COMPLETE_WITH_ASPECT_SELECTION_AND_COMPOSITION_BOUNDARIES		false	Provisional mapping requires retroactive source re-verification and two-speaker review before productive acceptance. External mapping is retained; exact productivity still depends on pattern-specific evidence and acceptance.
ExperientialYesNoQuestion	external_source_mapped	language	cantonese_language_claim	unsupported_generalization	4	SRC-FAN-2024-JAU-VP-ASPECT,SRC-HARA-2023-POLAR,SRC-MATTHEWS-YIP-2011-ASPECT-MULTIMEDIA,SRC-YIP-MATTHEWS-2000-BASIC	CP021B-R13	COMPLETE_WITH_ASPECT_SELECTION_AND_COMPOSITION_BOUNDARIES		false	External mapping is retained; exact productivity still depends on pattern-specific evidence and acceptance.
FocusParticleFrame	internal_representation_or_heuristic	internal	parser_representation_decision	parser_heuristic	0		CP021B-R34	COMPLETE_INTERNAL_DISPOSITION	CP021B-R34; PARSER-CONSTRUCTION-INTERNAL-DISPOSITION-MATRIX-CP021B-R34.tsv; RENAME_INTERNAL_RESTRICTIVE_FOCUS_SCOPE_WRAPPER_REQUIRE_OVERT_LICENSED_HOST	false	Internal representation or heuristic; cannot independently license Cantonese grammar.
FormulaDiscourseUnit	external_source_mapped	language	lexicalized_language_claim	lexicalized_only	4	SRC-CHENG-2022-HAI6-RESPONSE,SRC-HUANG-HER-KONG-2025-INTERROGATIVES,SRC-LI-2006-FINAL-PARTICLES,SRC-YIP-MATTHEWS-2000-BASIC	CP021B-R17	COMPLETE_WITH_LEXICAL_RESPONSE_AND_REPETITION_SPLIT_BOUNDARY		false	External mapping is retained; exact productivity still depends on pattern-specific evidence and acceptance.
FragmentAnswer	external_source_mapped	language	cantonese_language_claim	research_pending	5	SRC-HUANG-HER-KONG-2025-INTERROGATIVES,SRC-LEE-PAN-2024-VP-ELLIPSIS,SRC-LUKE-NANCARROW-1998-AUXILIARIES,SRC-SIO-2011-GE3,SRC-YIP-MATTHEWS-2000-BASIC	CP021B-R17	COMPLETE_WITH_CONTEXT_ELLIPSIS_LEXEME_AND_NOMINAL_SPLIT_BOUNDARY		false	External mapping is retained; exact productivity still depends on pattern-specific evidence and acceptance.
FragmentQuestion	external_source_mapped	language	cantonese_language_claim	research_pending	1	SRC-LI-2006-FINAL-PARTICLES	CP021B-R17	THEMATIC_NP_NE_LINKED_EXACT_PRONOUN_AND_BARE_FORM_GAPS		false	External mapping is retained; exact productivity still depends on pattern-specific evidence and acceptance.
GoalAttainmentMotionVP	external_source_mapped	language	cantonese_language_claim	research_pending	2	SRC-SHAN-JIN-2025-MOTION-TYPOLOGY,SRC-WONG-2023-LANGUAGE-SAMPLE	CP021B-R3	NARROWING_REQUIRED		false	External mapping is retained; exact productivity still depends on pattern-specific evidence and acceptance.
HeadlessDemonstrativeClassifierNP	external_source_mapped	language	cantonese_language_claim	research_pending	1	SRC-YU-2006-NOMINAL-MODIFIERS	CP024-P1-DEMO01-R1	SINGLE_SOURCE_EXACT_FORM_SEPARATED		false	External mapping is retained; exact productivity still depends on pattern-specific evidence and acceptance.
IdentificationFragment	external_source_mapped	language	lexicalized_language_claim	lexicalized_only	3	SRC-KWONG-2018-DEMONSTRATIVES,SRC-TANG-2015-UTTERANCE-PARTICLES,SRC-YIP-MATTHEWS-2000-BASIC	CP021B-R18	COMPONENTS_LINKED_EXACT_FRAGMENT_AND_PARTICLE_SLOT_GAP		false	External mapping is retained; exact productivity still depends on pattern-specific evidence and acceptance.
IdentityWhQuestion	external_source_mapped	language	cantonese_language_claim	unsupported_generalization	2	SRC-WONG-2023-LANGUAGE-SAMPLE;SRC-ZHENG-ZHANG-GAO-2021-HK-CANTONESE-COURSE	CP021B-R20	GENERAL_IDENTITY_WH_SOURCE_LINKED_EXACT_BIN1GO3_LAI4_TEMPLATE_GAP_AND_COPULA_SPLIT_REQUIRED		false	External mapping is retained; exact productivity still depends on pattern-specific evidence and acceptance.
ImpersonalEnvironmentalClause	external_source_mapped	language	cantonese_language_claim	research_pending	3	SRC-ALDERETE-ETAL-2017-SYNOPSIS,SRC-TSUNO-2021-VOICE-TRANSITIVITY,SRC-ZHENG-ZHANG-GAO-2021-HK-CANTONESE-COURSE	CP021B-R22	COMPLETE_WITH_ENVIRONMENTAL_LOCATIVE_AND_ASPECT_BOUNDARIES		false	External mapping is retained; exact productivity still depends on pattern-specific evidence and acceptance.
IntendedFunctionRelation	external_source_mapped	language	cantonese_language_claim	provisional	2	SRC-MATTHEWS-2006-SVC,SRC-WONG-2023-LANGUAGE-SAMPLE	CP021B-R33	JUNG6LEI4_FUNCTION_LINKED_INSTRUMENTAL_SVC_AND_TOPIC_SPLIT		false	Provisional mapping requires retroactive source re-verification and two-speaker review before productive acceptance. External mapping is retained; exact productivity still depends on pattern-specific evidence and acceptance.
IntentionFrame	external_source_mapped	language	cantonese_language_claim	unsupported_generalization	2	SRC-KEDZIOR-2023,SRC-ZHENG-ZHANG-GAO-2021-HK-CANTONESE-COURSE	CP021B-R31	LEXICALIZED_INTENTION_LINKED_POLYSEMY_AND_CLASS_NARROWING		false	External mapping is retained; exact productivity still depends on pattern-specific evidence and acceptance.
IntransitiveVP	external_source_mapped	language	cantonese_language_claim	unsupported_generalization	3	SRC-ALDERETE-ETAL-2017-SYNOPSIS;SRC-YIP-MATTHEWS-2000-SYNTACTIC-TRANSFER;SRC-ZHENG-ZHANG-GAO-2021-HK-CANTONESE-COURSE	CP021B-R26	COMPLETE_WITH_SPLIT_AND_REALIGNMENT_BOUNDARIES		false	External mapping is retained; exact productivity still depends on pattern-specific evidence and acceptance.
LexicalGiveRelation	external_source_mapped	language	cantonese_language_claim	provisional	6	SRC-BODOMO-LAM-YU-2003,SRC-CHIN-2011-BEI,SRC-LI-LEE-2021-DATIVE,SRC-NGAI-2023-BEI,SRC-WONG-2023-BEI,SRC-XU-PEYRAUBE-1997-DOC	CP021B-R1	COMPLETE_WITH_BOUNDARIES		false	Provisional mapping requires retroactive source re-verification and two-speaker review before productive acceptance. External mapping is retained; exact productivity still depends on pattern-specific evidence and acceptance.
LocativeExistentialClause	external_source_mapped	language	cantonese_language_claim	research_pending	3	SRC-LAM-2018-NEGATION-ASPECT,SRC-LAM-LAU-LEE-2024-SEGMENTATION,SRC-YIP-MATTHEWS-2000-BASIC	CP021B-R9	LANGUAGE_FORM_LINKED_ACTIVE_FALLBACK_DORMANT_TEMPLATE_MISMATCH		false	External mapping is retained; exact productivity still depends on pattern-specific evidence and acceptance.
LocativeFragment	external_source_mapped	language	cantonese_language_claim	unsupported_generalization	3	SRC-KWAN-2010-LOCATIVE,SRC-LEE-PAN-2024-VP-ELLIPSIS,SRC-YIP-MATTHEWS-2000-BASIC	CP021B-R18	COMPONENTS_LINKED_STANDALONE_FRAGMENT_ELLIPSIS_GAP		false	External mapping is retained; exact productivity still depends on pattern-specific evidence and acceptance.
LocativeFrameClause	external_source_mapped	language	cantonese_language_claim	research_pending	3	SRC-ALDERETE-ETAL-2017-SYNOPSIS,SRC-LUI-2020-LOCATIVE-INVERSION,SRC-ZHENG-ZHANG-GAO-2021-HK-CANTONESE-COURSE	CP021B-R22	COMPLETE_WITH_ENVIRONMENTAL_LOCATIVE_AND_ASPECT_BOUNDARIES		false	External mapping is retained; exact productivity still depends on pattern-specific evidence and acceptance.
LocativePlacePhrase	external_source_mapped	language	cantonese_language_claim	unsupported_generalization	2	SRC-KWAN-2010-LOCATIVE,SRC-YIP-MATTHEWS-2000-BASIC	CP021B-R2	PARTIAL_SPLIT_REQUIRED		false	External mapping is retained; exact productivity still depends on pattern-specific evidence and acceptance.
LocativePostureVP	external_source_mapped	language	cantonese_language_claim	unsupported_generalization	3	SRC-LUI-2020-LOCATIVE-INVERSION,SRC-WONG-2023-LANGUAGE-SAMPLE,SRC-ZHENG-ZHANG-GAO-2021-HK-CANTONESE-COURSE	CP021B-R22	COMPLETE_WITH_ENVIRONMENTAL_LOCATIVE_AND_ASPECT_BOUNDARIES		false	External mapping is retained; exact productivity still depends on pattern-specific evidence and acceptance.
LocativeWhQuestion	external_source_mapped	language	cantonese_language_claim	unsupported_generalization	4	SRC-CHOW-2007-CANTONESE-EVERYONE;SRC-WONG-2023-LANGUAGE-SAMPLE;SRC-YIP-MATTHEWS-2000-BASIC;SRC-ZHENG-ZHANG-GAO-2021-HK-CANTONESE-COURSE	CP021B-R20	SOURCE_LINKED_WH_PLACE_SUBTYPE_SPLIT_AND_LOCATIVE_MARKER_BOUNDARY_REQUIRED		false	External mapping is retained; exact productivity still depends on pattern-specific evidence and acceptance.
MalformedCandidate	internal_representation_or_heuristic	internal	parser_heuristic	parser_heuristic	0		CP021B-R34	COMPLETE_INTERNAL_DISPOSITION	CP021B-R34; PARSER-CONSTRUCTION-INTERNAL-DISPOSITION-MATRIX-CP021B-R34.tsv; NARROW_HEURISTIC_TO_EXPLICIT_PARSER_CONFLICT_CODES_NOT_UNGRAMMATICALITY	false	Internal representation or heuristic; cannot independently license Cantonese grammar.
MannerAdverbialVP	external_source_mapped	language	cantonese_language_claim	unsupported_generalization	2	SRC-LEUNG-2014-COVERBS,SRC-ZHENG-ZHANG-GAO-2021-HK-CANTONESE-COURSE	CP021B-R23	COMPLETE_WITH_MARKER_ORDER_SCOPE_AND_WRAPPER_BOUNDARIES		false	External mapping is retained; exact productivity still depends on pattern-specific evidence and acceptance.
MeasureExpression	internal_representation_or_heuristic	internal	parser_representation_decision	parser_heuristic	0		CP021B-R34	COMPLETE_INTERNAL_DISPOSITION	CP021B-R34; PARSER-CONSTRUCTION-INTERNAL-DISPOSITION-MATRIX-CP021B-R34.tsv; KEEP_INTERNAL_OVERT_MEASURE_SPAN_NO_INDEPENDENT_PREDICATION	false	Internal representation or heuristic; cannot independently license Cantonese grammar.
ModalANotAQuestion	external_source_mapped	language	cantonese_language_claim	research_pending	2	SRC-LAW-2001-ANOTA,SRC-LI-2017-ANOTA	CP021B-R7	COMPLETE_WITH_LEXICAL_RESTRICTIONS		false	External mapping is retained; exact productivity still depends on pattern-specific evidence and acceptance.
ModalChangeIntoResultFrame	external_source_mapped	language	cantonese_language_claim	unsupported_generalization	1	SRC-ZHENG-ZHANG-GAO-2021-HK-CANTONESE-COURSE	CP021B-R28	COMPLETE_WITH_SPLIT_GAP_MERGE_AND_REALIGNMENT_BOUNDARIES		false	External mapping is retained; exact productivity still depends on pattern-specific evidence and acceptance.
ModalResponseFragment	external_source_mapped	language	cantonese_language_claim	unsupported_generalization	2	SRC-LEE-PAN-2024-VP-ELLIPSIS,SRC-LUKE-NANCARROW-1998-AUXILIARIES	CP021B-R18	COMPLETE_WITH_SELECTIVE_ELLIPSIS_MERGE_AND_DORMANT_LABEL_RETIRE_BOUNDARY		false	External mapping is retained; exact productivity still depends on pattern-specific evidence and acceptance.
ModalVP	external_source_mapped	language	cantonese_language_claim	provisional	2	SRC-LUKE-NANCARROW-1998-AUXILIARIES,SRC-YIP-MATTHEWS-2000-BASIC	CP021B-R14	COMPLETE_WITH_AUXILIARY_CLASS_SCOPE_AND_COMPLEMENT_SPLITS		false	Provisional mapping requires retroactive source re-verification and two-speaker review before productive acceptance. External mapping is retained; exact productivity still depends on pattern-specific evidence and acceptance.
ModifiedNP	external_source_mapped	language	cantonese_language_claim	provisional	2	SRC-SIO-2011-GE3,SRC-YU-2006-NOMINAL-MODIFIERS	CP021B-R11	COMPLETE_WITH_HETEROGENEOUS_UMBRELLA_SPLIT_BOUNDARY		false	Provisional mapping requires retroactive source re-verification and two-speaker review before productive acceptance. External mapping is retained; exact productivity still depends on pattern-specific evidence and acceptance.
ModifierNP	external_source_mapped	language	cantonese_language_claim	provisional	2	SRC-SIO-2011-GE3,SRC-YU-2006-NOMINAL-MODIFIERS	CP021B-R11	COMPLETE_WITH_BARE_MODIFIER_RESTRICTION		false	Provisional mapping requires retroactive source re-verification and two-speaker review before productive acceptance. External mapping is retained; exact productivity still depends on pattern-specific evidence and acceptance.
MotionDelimitedVP	external_source_mapped	language	cantonese_language_claim	unsupported_generalization	2	SRC-MATTHEWS-2006-SVC,SRC-WONG-2023-LANGUAGE-SAMPLE	CP021B-R33	PURPOSE_DELIMITATIVE_COMPONENTS_LINKED_EXACT_TEMPLATE_GAP		false	External mapping is retained; exact productivity still depends on pattern-specific evidence and acceptance.
MotionGoalVP	external_source_mapped	language	cantonese_language_claim	unsupported_generalization	3	SRC-CHOR-2018-DIRECTIONALS,SRC-LEUNG-2026-MOTION,SRC-SZETO-2015-PERFECTIVE	CP021B-R2	COMPLETE_WITH_BOUNDARIES		false	External mapping is retained; exact productivity still depends on pattern-specific evidence and acceptance.
MotionPurposeChain	external_source_mapped	language	cantonese_language_claim	unsupported_generalization	2	SRC-LEUNG-2026-MOTION,SRC-MATTHEWS-2006-SVC	CP021B-R2	COMPLETE_WITH_BOUNDARIES		false	External mapping is retained; exact productivity still depends on pattern-specific evidence and acceptance.
NamingClause	external_source_mapped	language	cantonese_language_claim	unsupported_generalization	2	SRC-CHOW-2007-CANTONESE-EVERYONE;SRC-ZHENG-ZHANG-GAO-2021-HK-CANTONESE-COURSE	CP021B-R20	PERSONAL_NAMING_RELATION_SOURCE_LINKED_GIU1_VERSUS_GIU3ZOU6_SPLIT_AND_EXACT_TEMPLATE_GAP		false	External mapping is retained; exact productivity still depends on pattern-specific evidence and acceptance.
NeedsContext	internal_representation_or_heuristic	internal	parser_heuristic	parser_heuristic	0		CP021B-R34	COMPLETE_INTERNAL_DISPOSITION	CP021B-R34; PARSER-CONSTRUCTION-INTERNAL-DISPOSITION-MATRIX-CP021B-R34.tsv; NARROW_HEURISTIC_TO_ENUMERATED_MISSING_CONTEXT_ARGUMENT_OR_ANALYSIS_CAUSES	false	Internal representation or heuristic; cannot independently license Cantonese grammar.
NegatedDirectionalMotionVP	external_source_mapped	language	cantonese_language_claim	provisional	3	SRC-LIANG-MAI-2025-GRAMMAR-CODING,SRC-WONG-2023-LANGUAGE-SAMPLE,SRC-YIU-2016-DIRECTIONAL-ASPECT	CP021B-R3	LANGUAGE_CLAIM_RETIRED_INTERNAL_ONLY		false	Provisional mapping requires retroactive source re-verification and two-speaker review before productive acceptance. External mapping is retained; exact productivity still depends on pattern-specific evidence and acceptance.
NegatedExistentialClause	external_source_mapped	language	cantonese_language_claim	unsupported_generalization	3	SRC-LAM-2018-NEGATION-ASPECT,SRC-YIP-1988-NEGATION,SRC-YIP-MATTHEWS-2000-BASIC	CP021B-R9	COMPLETE_WITH_POSSESSIVE_EXISTENTIAL_AND_EVENT_NEGATION_SPLITS		false	External mapping is retained; exact productivity still depends on pattern-specific evidence and acceptance.
NegatedExistentialFragment	external_source_mapped	language	cantonese_language_claim	provisional	2	SRC-LAM-2018-NEGATION-ASPECT,SRC-YIP-MATTHEWS-2000-BASIC	CP021B-R9	SHORT_RESPONSE_LINKED_EXTENDED_FRAGMENT_PROVISIONAL		false	Provisional mapping requires retroactive source re-verification and two-speaker review before productive acceptance. External mapping is retained; exact productivity still depends on pattern-specific evidence and acceptance.
NegatedLexicalizedStative	external_source_mapped	language	cantonese_language_claim	unsupported_generalization	3	SRC-CHIN-2018-PROHIBITIVES,SRC-LAM-LAU-LEE-2024-SEGMENTATION,SRC-YIP-1988-NEGATION	CP021B-R8	COMPLETE_WITH_LEXICAL_NEGATION_PROHIBITIVE_SPLIT		false	External mapping is retained; exact productivity still depends on pattern-specific evidence and acceptance.
NegatedStativePredicate	external_source_mapped	language	cantonese_language_claim	unsupported_generalization	2	SRC-ALDERETE-ETAL-2017-SYNOPSIS,SRC-YIP-1988-NEGATION	CP021B-R8	COMPLETE_FOR_M4_WITH_OTHER_NEGATORS_UNMAPPED		false	External mapping is retained; exact productivity still depends on pattern-specific evidence and acceptance.
NegatedVP	external_source_mapped	language	cantonese_language_claim	unsupported_generalization	3	SRC-LAM-2018-NEGATION-ASPECT;SRC-YIP-1988-NEGATION;SRC-ZHENG-ZHANG-GAO-2021-HK-CANTONESE-COURSE	CP021B-R30	SOURCE_LINKED_PREVERBAL_M4_NEGATION_WITH_VP_SELECTION_SCOPE_AND_COMPLETION_CONFLICT_NARROWING_REQUIRED		false	External mapping is retained; exact productivity still depends on pattern-specific evidence and acceptance.
NegativeCognitionFragment	external_source_mapped	language	cantonese_language_claim	research_pending	1	SRC-YAP-WONG-CHOR-2014-STANCE	CP021B-R15	COMPLETE_WITH_POLYFUNCTIONALITY_AND_CONTEXT_BOUNDARIES		false	External mapping is retained; exact productivity still depends on pattern-specific evidence and acceptance.
NegativeExperiential	external_source_mapped	language	cantonese_language_claim	unsupported_generalization	4	SRC-LAM-2018-NEGATION-ASPECT,SRC-MATTHEWS-YIP-2011-ASPECT-MULTIMEDIA,SRC-ZHANG-1970-PREDICATIVE-SUFFIXES,SRC-ZHENG-ZHANG-GAO-2021-HK-CANTONESE-COURSE	CP021B-R24	COMPLETE_WITH_NEGATOR_TYPE_AND_NOT_YET_SPLIT_BOUNDARIES		false	External mapping is retained; exact productivity still depends on pattern-specific evidence and acceptance.
NegativeHaveClause	external_source_mapped	language	cantonese_language_claim	unsupported_generalization	2	SRC-LAM-2018-NEGATION-ASPECT;SRC-YIP-1988-NEGATION	CP021B-R30	SOURCE_LINKED_NEGATIVE_POSSESSION_EXISTENCE_EVENT_SPLIT_DORMANT_DUPLICATE_MERGE_OR_RETIRE		false	External mapping is retained; exact productivity still depends on pattern-specific evidence and acceptance.
NegativePotentialComplement	external_source_mapped	language	cantonese_language_claim	unsupported_generalization	1	SRC-CHENG-SYBESMA-2004-POSTVERBAL-DAK	CP021B-R10	COMPLETE_WITH_POLARITY_AND_RESULT_HEAD_SPLIT		false	External mapping is retained; exact productivity still depends on pattern-specific evidence and acceptance.
NegativePotentialDirectionalVP	external_source_mapped	language	cantonese_language_claim	unsupported_generalization	1	SRC-CHENG-SYBESMA-2004-POSTVERBAL-DAK	CP021B-R10	COMPLETE_WITH_NEGATIVE_DIRECTIONAL_NARROWING		false	External mapping is retained; exact productivity still depends on pattern-specific evidence and acceptance.
NominalHeadSpan	internal_representation_or_heuristic	internal	parser_representation_decision	parser_heuristic	0				EP-R37-I04; docs/research/CP022-I1A-I04-A1-ACCEPTANCE.md	false	Internal representation or heuristic; cannot independently license Cantonese grammar.
NominalModifierNP	external_source_mapped	language	cantonese_language_claim	unsupported_generalization	2	SRC-SIO-2011-GE3,SRC-YU-2006-NOMINAL-MODIFIERS	CP021B-R32	MODIFIER_SUBTYPES_LINKED_DORMANT_DUPLICATE		false	External mapping is retained; exact productivity still depends on pattern-specific evidence and acceptance.
NominalPredicateClause	external_source_mapped	language	cantonese_language_claim	research_pending	2	SRC-YIP-MATTHEWS-2000-BASIC;SRC-TAM-2021-DOZE	CP021B-R19	AGE_MEASURE_PROFILE_SOURCE_LINKED_PRICE_AREA_LENGTH_SPLIT_AND_EXACT_TEMPLATE_GAPS		false	External mapping is retained; exact productivity still depends on pattern-specific evidence and acceptance.
OpinionQuestion	external_source_mapped	language	cantonese_language_claim	unsupported_generalization	2	SRC-ALDERETE-ETAL-2017-SYNOPSIS;SRC-ZHENG-ZHANG-GAO-2021-HK-CANTONESE-COURSE	CP021B-R30	SOURCE_LINKED_COGNITION_QUESTION_COMPLEMENT_TYPES_WITH_DIM2JOENG6_EVALUATIVE_PREDICATE_AND_WRAPPER_REALIGNMENT_REQUIRED		false	External mapping is retained; exact productivity still depends on pattern-specific evidence and acceptance.
OpinionStanceFrame	external_source_mapped	language	cantonese_language_claim	unsupported_generalization	3	SRC-ALDERETE-ETAL-2017-SYNOPSIS,SRC-YAP-WONG-CHOR-2014-STANCE,SRC-YIP-MATTHEWS-2000-BASIC	CP021B-R15	COMPLETE_WITH_LEXICAL_COMPLEMENT_AND_STANCE_POSITION_SPLIT		false	External mapping is retained; exact productivity still depends on pattern-specific evidence and acceptance.
OrdinalClassifierNP	external_source_mapped	language	cantonese_language_claim	unsupported_generalization	2	SRC-LAM-LAU-LEE-2024-SEGMENTATION,SRC-ZHENG-ZHANG-GAO-2021-HK-CANTONESE-COURSE	CP021B-R32	ORDINAL_DETERMINER_LINKED_HEAD_AND_LEXICAL_SPLIT		false	External mapping is retained; exact productivity still depends on pattern-specific evidence and acceptance.
OvertHeadDemonstrativeClassifierNP	external_source_mapped	language	cantonese_language_claim	provisional	5	SRC-BOND-SIO-2024-CLASSIFIERS;SRC-LAM-LAU-LEE-2024-SEGMENTATION;SRC-XIA-2025-CLASSIFIERS;SRC-YU-2006-NOMINAL-MODIFIERS;SRC-HKCANCOR-PYCANTONESE-CP024-DEMO01	CP024-P1-DEMO01-R1	PATTERN_SPECIFIC_EVIDENCE_CLOSED_RENDER_AND_HELDOUT_PENDING		false	Provisional mapping requires retroactive source re-verification and two-speaker review before productive acceptance. External mapping is retained; exact productivity still depends on pattern-specific evidence and acceptance.
PassivePermissiveRelation	external_source_mapped	language	cantonese_language_claim	provisional	6	SRC-BODOMO-LAM-YU-2003,SRC-CHAN-2021-BEI,SRC-CHIN-2011-BEI,SRC-CHOW-2018-INDIRECT-PASSIVE,SRC-CHOW-2019-PASSIVE-PERMISSIVE,SRC-WONG-2023-BEI	CP021B-R1	COMPLETE_WITH_BOUNDARIES		false	Provisional mapping requires retroactive source re-verification and two-speaker review before productive acceptance. External mapping is retained; exact productivity still depends on pattern-specific evidence and acceptance.
PathPhrase	external_source_mapped	language	cantonese_language_claim	unsupported_generalization	2	SRC-LEUNG-2014-COVERBS,SRC-YIP-MATTHEWS-2000-BASIC	CP021B-R2	PARTIAL_SPLIT_REQUIRED		false	External mapping is retained; exact productivity still depends on pattern-specific evidence and acceptance.
PerfectiveDirectionalVP	external_source_mapped	language	cantonese_language_claim	unsupported_generalization	4	SRC-SHAN-JIN-2025-MOTION-TYPOLOGY,SRC-SIO-BOND-2025,SRC-YIU-2016-DIRECTIONAL-ASPECT,SRC-ZHANG-1970-PREDICATIVE-SUFFIXES	CP021B-R24	COMPLETE_WITH_COMPONENT_SUPPORT_AND_EXACT_TEMPLATE_GAP		false	External mapping is retained; exact productivity still depends on pattern-specific evidence and acceptance.
PerfectiveObjectResultPredicate	external_source_mapped	language	cantonese_language_claim	unsupported_generalization	2	SRC-KEDZIOR-2023;SRC-MATTHEWS-YIP-2011-ASPECT-MULTIMEDIA	CP021B-R28	COMPLETE_WITH_SPLIT_GAP_MERGE_AND_REALIGNMENT_BOUNDARIES		false	External mapping is retained; exact productivity still depends on pattern-specific evidence and acceptance.
PerfectiveResultPredicate	external_source_mapped	language	cantonese_language_claim	unsupported_generalization	2	SRC-FAN-CHAN-2022;SRC-KEDZIOR-2023	CP021B-R28	COMPLETE_WITH_SPLIT_GAP_MERGE_AND_REALIGNMENT_BOUNDARIES		false	External mapping is retained; exact productivity still depends on pattern-specific evidence and acceptance.
PerfectiveVP	external_source_mapped	language	cantonese_language_claim	provisional	4	SRC-FAN-CHAN-2022,SRC-SIO-BOND-2025,SRC-SYBESMA-2013,SRC-YIP-MATTHEWS-2000-BASIC	CP021B-R6	COMPLETE_WITH_SUBTYPE_SPLIT_BOUNDARY		false	Provisional mapping requires retroactive source re-verification and two-speaker review before productive acceptance. External mapping is retained; exact productivity still depends on pattern-specific evidence and acceptance.
PolarQuestionFrame	internal_representation_or_heuristic	internal	parser_representation_decision	parser_heuristic	0		CP021B-R34	COMPLETE_INTERNAL_DISPOSITION	CP021B-R34; PARSER-CONSTRUCTION-INTERNAL-DISPOSITION-MATRIX-CP021B-R34.tsv; RENAME_INTERNAL_POLAR_PARTICLE_SCOPE_WRAPPER_REQUIRE_SOURCE_LINKED_PARTICLE_PROFILE	false	Internal representation or heuristic; cannot independently license Cantonese grammar.
PoliteImperativeClause	external_source_mapped	language	cantonese_language_claim	unsupported_generalization	2	SRC-CHOW-2007-CANTONESE-EVERYONE;SRC-ZHENG-ZHANG-GAO-2021-HK-CANTONESE-COURSE	CP021B-R27	COMPLETE_WITH_SPLIT_GAP_AND_REALIGNMENT_BOUNDARIES		false	External mapping is retained; exact productivity still depends on pattern-specific evidence and acceptance.
PossessiveClassifierNP	external_source_mapped	language	cantonese_language_claim	unsupported_generalization	3	SRC-LAM-LAU-LEE-2024-SEGMENTATION,SRC-XIA-2025-CLASSIFIERS,SRC-YU-2006-NOMINAL-MODIFIERS	CP021B-R5	COMPLETE_WITH_NARROWING		false	External mapping is retained; exact productivity still depends on pattern-specific evidence and acceptance.
PossessiveNP	external_source_mapped	language	cantonese_language_claim	unsupported_generalization	3	SRC-LAM-LAU-LEE-2024-SEGMENTATION,SRC-SIO-2011-GE3,SRC-XIA-2025-CLASSIFIERS	CP021B-R32	POSSESSIVE_SUBTYPES_LINKED_DORMANT_DUPLICATE		false	External mapping is retained; exact productivity still depends on pattern-specific evidence and acceptance.
PossessiveNominalFragment	external_source_mapped	language	cantonese_language_claim	unsupported_generalization	2	SRC-SIO-2011-GE3,SRC-YIP-MATTHEWS-2000-BASIC	CP021B-R18	COMPLETE_WITH_HEADLESS_NOMINAL_MERGE_AND_DORMANT_LABEL_RETIRE_BOUNDARY		false	External mapping is retained; exact productivity still depends on pattern-specific evidence and acceptance.
PossessiveTransferClause	external_source_mapped	language	cantonese_language_claim	unsupported_generalization	3	SRC-LAM-LAU-LEE-2024-SEGMENTATION,SRC-LI-LEE-2021-DATIVE,SRC-LUKE-NANCARROW-1998-AUXILIARIES	CP021B-R32	COMPONENTS_LINKED_EXACT_COMBINED_CLAUSE_GAP		false	External mapping is retained; exact productivity still depends on pattern-specific evidence and acceptance.
PostThemeParticipantRelation	external_source_mapped	language	cantonese_language_claim	provisional	5	SRC-BODOMO-LAM-YU-2003,SRC-CHIN-2011-BEI,SRC-LI-LEE-2021-DATIVE,SRC-WONG-2023-BEI,SRC-XU-PEYRAUBE-1997-DOC	CP021B-R1	COMPLETE_WITH_BOUNDARIES		false	Provisional mapping requires retroactive source re-verification and two-speaker review before productive acceptance. External mapping is retained; exact productivity still depends on pattern-specific evidence and acceptance.
PostposedExistentialQuestion	external_source_mapped	language	cantonese_language_claim	unsupported_generalization	1	SRC-YIP-MATTHEWS-2000-BASIC	CP021B-R9	EXACT_FORM_UNMAPPED_QUARANTINE		false	External mapping is retained; exact productivity still depends on pattern-specific evidence and acceptance.
PostverbalZoPerfectiveVP	external_source_mapped	language	cantonese_language_claim	provisional_reaudit	4	SRC-FAN-CHAN-2022,SRC-SIO-BOND-2025,SRC-SYBESMA-2013,SRC-YIP-MATTHEWS-2000-BASIC	CP022-P1-PFV01	PATTERN_SPECIFIC_MULTI_SOURCE_PROMOTION_CANDIDATE_RETROACTIVE_REVERIFICATION_REQUIRED		false	Prior productive status withdrawn. Existing mappings are leads pending independent source re-verification, manual example review, code-document comparison, and two-speaker review.
PotentialDirectionalVP	external_source_mapped	language	cantonese_language_claim	research_pending	1	SRC-CHENG-SYBESMA-2004-POSTVERBAL-DAK	CP021B-R10	COMPLETE_WITH_DIRECTIONAL_POTENTIAL_NARROWING		false	External mapping is retained; exact productivity still depends on pattern-specific evidence and acceptance.
PotentialResultVP	external_source_mapped	language	cantonese_language_claim	research_pending	1	SRC-CHENG-SYBESMA-2004-POSTVERBAL-DAK	CP021B-R10	COMPLETE_WITH_OVERT_RESULT_NARROWING		false	External mapping is retained; exact productivity still depends on pattern-specific evidence and acceptance.
PreferenceVP	external_source_mapped	language	cantonese_language_claim	unsupported_generalization	2	SRC-LUKE-NANCARROW-1998-AUXILIARIES,SRC-YIP-MATTHEWS-2000-BASIC	CP021B-R14	COMPLETE_WITH_AUXILIARY_CLASS_SCOPE_AND_COMPLEMENT_SPLITS		false	External mapping is retained; exact productivity still depends on pattern-specific evidence and acceptance.
PriorityMarkerClause	external_source_mapped	language	cantonese_language_claim	unsupported_generalization	3	SRC-SYBESMA-2013;SRC-ZHENG-ZHANG-GAO-2021-HK-CANTONESE-COURSE;SRC-ZHOU-2018-POSTVERBAL-SIN1	CP021B-R27	COMPLETE_WITH_SPLIT_GAP_AND_REALIGNMENT_BOUNDARIES		false	External mapping is retained; exact productivity still depends on pattern-specific evidence and acceptance.
ProductiveVO	external_source_mapped	language	cantonese_language_claim	research_pending	2	SRC-ALDERETE-ETAL-2017-SYNOPSIS,SRC-WONG-2023-LANGUAGE-SAMPLE	CP021B-R33	VO_ORDER_LINKED_PRODUCTIVITY_UMBRELLA_DECOMPOSITION_REQUIRED		false	External mapping is retained; exact productivity still depends on pattern-specific evidence and acceptance.
ProgressiveDirectionalVP	external_source_mapped	language	cantonese_language_claim	unsupported_generalization	3	SRC-KATAOKA-2018-PROGRESSIVE-GAN,SRC-SHAN-JIN-2025-MOTION-TYPOLOGY,SRC-YIU-2016-DIRECTIONAL-ASPECT	CP021B-R13	COMPLETE_WITH_ASPECT_SELECTION_AND_COMPOSITION_BOUNDARIES		false	External mapping is retained; exact productivity still depends on pattern-specific evidence and acceptance.
ProgressivePlaceQuestion	external_source_mapped	language	cantonese_language_claim	unsupported_generalization	2	SRC-ALDERETE-ETAL-2017-SYNOPSIS,SRC-LIANG-MAI-2026-GRAMMAR-CODING	CP021B-R13	COMPLETE_WITH_ASPECT_SELECTION_AND_COMPOSITION_BOUNDARIES		false	External mapping is retained; exact productivity still depends on pattern-specific evidence and acceptance.
ProgressivePurposeClause	external_source_mapped	language	cantonese_language_claim	unsupported_generalization	3	SRC-CHOR-2018-DIRECTIONALS,SRC-LAM-BODOMO-2003-VERB-ORDER,SRC-MATTHEWS-2006-SVC	CP021B-R16	COMPLETE_WITH_SERIAL_PURPOSE_RELATION_AND_REPRESENTATION_BOUNDARIES		false	External mapping is retained; exact productivity still depends on pattern-specific evidence and acceptance.
ProgressiveTransitivePredicate	external_source_mapped	language	cantonese_language_claim	unsupported_generalization	2	SRC-ALDERETE-ETAL-2017-SYNOPSIS,SRC-FAN-2024-JAU-VP-ASPECT	CP021B-R13	COMPLETE_WITH_ASPECT_SELECTION_AND_COMPOSITION_BOUNDARIES		false	External mapping is retained; exact productivity still depends on pattern-specific evidence and acceptance.
ProgressiveVP	external_source_mapped	language	cantonese_language_claim	research_pending	5	SRC-ALDERETE-ETAL-2017-SYNOPSIS,SRC-FAN-2024-JAU-VP-ASPECT,SRC-KATAOKA-2018-PROGRESSIVE-GAN,SRC-MATTHEWS-YIP-2011-ASPECT-MULTIMEDIA,SRC-SIO-BOND-2025	CP021B-R13	COMPLETE_WITH_ASPECT_SELECTION_AND_COMPOSITION_BOUNDARIES		false	External mapping is retained; exact productivity still depends on pattern-specific evidence and acceptance.
ProgressiveWhObjectQuestion	external_source_mapped	language	cantonese_language_claim	unsupported_generalization	1	SRC-ALDERETE-ETAL-2017-SYNOPSIS	CP021B-R13	COMPLETE_WITH_ASPECT_SELECTION_AND_COMPOSITION_BOUNDARIES		false	External mapping is retained; exact productivity still depends on pattern-specific evidence and acceptance.
ProhibitiveFragment	external_source_mapped	language	cantonese_language_claim	unsupported_generalization	2	SRC-CHIN-2018-PROHIBITIVES,SRC-YIP-MATTHEWS-2000-BASIC	CP021B-R18	COMPLETE_WITH_PROHIBITIVE_MARKER_MERGE_AND_DORMANT_DUPLICATE_RETIRE_BOUNDARY		false	External mapping is retained; exact productivity still depends on pattern-specific evidence and acceptance.
ProhibitiveImperative	external_source_mapped	language	cantonese_language_claim	research_pending	2	SRC-CHIN-2018-PROHIBITIVES;SRC-ZHENG-ZHANG-GAO-2021-HK-CANTONESE-COURSE	CP021B-R27	COMPLETE_WITH_SPLIT_GAP_AND_REALIGNMENT_BOUNDARIES		false	External mapping is retained; exact productivity still depends on pattern-specific evidence and acceptance.
PurposePredicate	external_source_mapped	language	cantonese_language_claim	unsupported_generalization	2	SRC-CHOR-2018-DIRECTIONALS,SRC-MATTHEWS-2006-SVC	CP021B-R16	COMPLETE_WITH_SERIAL_PURPOSE_RELATION_AND_REPRESENTATION_BOUNDARIES		false	External mapping is retained; exact productivity still depends on pattern-specific evidence and acceptance.
QuantifiedClassifierNP	external_source_mapped	language	cantonese_language_claim	provisional	3	SRC-BOND-SIO-2024-CLASSIFIERS,SRC-LAM-LAU-LEE-2024-SEGMENTATION,SRC-XIA-2025-CLASSIFIERS	CP021B-R5	COMPLETE_WITH_SPLIT_BOUNDARY		false	Provisional mapping requires retroactive source re-verification and two-speaker review before productive acceptance. External mapping is retained; exact productivity still depends on pattern-specific evidence and acceptance.
QuantifiedPersonNP	external_source_mapped	language	cantonese_language_claim	unsupported_generalization	4	SRC-BOND-SIO-2024-CLASSIFIERS;SRC-WINTERSTEIN-ETAL-2023-NOMINAL-EXPRESSIONS;SRC-XIA-2025-CLASSIFIERS;SRC-ZHENG-ZHANG-GAO-2021-HK-CANTONESE-COURSE	CP021B-R29	EXACT_HOU2DO1_JAN4_SOURCE_LINKED_ROLE_NEUTRAL_QUANTIFIED_NP_MERGE_AND_LEXICAL_LIST_NARROWING_REQUIRED		false	External mapping is retained; exact productivity still depends on pattern-specific evidence and acceptance.
QuantifiedTimeNP	external_source_mapped	language	cantonese_language_claim	research_pending	3	SRC-TANG-2024-CANTONESE-GRAMMAR-GUIDE,SRC-WONG-2002-CANTONESE-ADVERBS,SRC-YIP-MATTHEWS-2000-BASIC	CP021B-R12	COMPLETE_WITH_TEMPORAL_SUBTYPE_AND_HEAD_SELECTION_BOUNDARIES		false	External mapping is retained; exact productivity still depends on pattern-specific evidence and acceptance.
QuantityNP	external_source_mapped	language	cantonese_language_claim	provisional	3	SRC-YIP-MATTHEWS-2000-BASIC;SRC-BOND-SIO-2024-CLASSIFIERS;SRC-XIA-2025-CLASSIFIERS	CP021B-R19	VISIBLE_HEAD_QUANTITY_NP_LINKED_BARE_AMOUNT_REALIGNMENT_REQUIRED		false	Provisional mapping requires retroactive source re-verification and two-speaker review before productive acceptance. External mapping is retained; exact productivity still depends on pattern-specific evidence and acceptance.
ReduplicatedVP	external_source_mapped	language	cantonese_language_claim	research_pending	2	SRC-LAM-2013-REDUPLICATION,SRC-ZHENG-ZHANG-GAO-2021-HK-CANTONESE-COURSE	CP021B-R21	COMPLETE_WITH_FORM_SEMANTIC_AND_CONTEXT_SPLIT_BOUNDARIES		false	External mapping is retained; exact productivity still depends on pattern-specific evidence and acceptance.
RelativeClauseNP	external_source_mapped	language	cantonese_language_claim	research_pending	2	SRC-CHAN-ETAL-2018-RC,SRC-CHAN-MATTHEWS-YIP-2011-RC	CP021B-R11	COMPLETE_WITH_RC_SUBTYPE_AND_ANALYSIS_SPLIT		false	External mapping is retained; exact productivity still depends on pattern-specific evidence and acceptance.
RepetitiveComplementVP	external_source_mapped	language	cantonese_language_claim	unsupported_generalization	2	SRC-CHOR-2013-FAAN1,SRC-ZHENG-ZHANG-GAO-2021-HK-CANTONESE-COURSE	CP021B-R21	COMPLETE_WITH_FORM_SEMANTIC_AND_CONTEXT_SPLIT_BOUNDARIES		false	External mapping is retained; exact productivity still depends on pattern-specific evidence and acceptance.
ReportedSpeech	external_source_mapped	language	cantonese_language_claim	provisional	5	SRC-ALDERETE-ETAL-2017-SYNOPSIS,SRC-LUI-2025-REPORTED-THOUGHT,SRC-MATTHEWS-2021-COMPLEMENTIZER-PROBLEMS,SRC-YAP-WONG-CHOR-2014-STANCE,SRC-YEUNG-2006-WAA6-COMPLEMENTIZER	CP021B-R15	COMPLETE_WITH_LEXICAL_FUNCTIONAL_AND_ANALYSIS_SPLIT		false	Provisional mapping requires retroactive source re-verification and two-speaker review before productive acceptance. External mapping is retained; exact productivity still depends on pattern-specific evidence and acceptance.
ResourceUseLaiFunctionRelation	external_source_mapped	language	cantonese_language_claim	provisional_reaudit	2	SRC-CHEUNG-2018-LAI,SRC-WONG-2023-LANGUAGE-SAMPLE	v0.5.181	DIRECT_RESOURCE_USE_LAI_PROFILE_SOURCE_LINKED_RETROACTIVE_REVERIFICATION_REQUIRED		false	Prior productive status withdrawn. Existing mappings are leads pending independent source re-verification, manual example review, code-document comparison, and two-speaker review.
RestorativeComplementVP	external_source_mapped	language	cantonese_language_claim	unsupported_generalization	2	SRC-CHOR-2013-FAAN1,SRC-CUHK-CANTONESE-EXPRESS-DAILY09	CP021B-R21	COMPLETE_WITH_FORM_SEMANTIC_AND_CONTEXT_SPLIT_BOUNDARIES		false	External mapping is retained; exact productivity still depends on pattern-specific evidence and acceptance.
ResultComplement	external_source_mapped	language	cantonese_language_claim	research_pending	2	SRC-CHOR-2018-DIRECTIONALS,SRC-LAU-LEE-2021-RVC	CP021B-R10	COMPLETE_WITH_RESULTATIVE_AND_DAO_SUBTYPE_SPLIT		false	External mapping is retained; exact productivity still depends on pattern-specific evidence and acceptance.
ResultComplementVP	external_source_mapped	language	cantonese_language_claim	research_pending	2	SRC-LAU-LEE-2021-RVC,SRC-SIO-BOND-2025	CP021B-R10	COMPLETE_WITH_LEXICAL_PHRASAL_AND_ASPECT_SPLIT		false	External mapping is retained; exact productivity still depends on pattern-specific evidence and acceptance.
ResultStateClause	external_source_mapped	language	cantonese_language_claim	unsupported_generalization	2	SRC-FRANCIS-MATTHEWS-2005-VERB-CATEGORY;SRC-KEDZIOR-2023	CP021B-R28	COMPLETE_WITH_SPLIT_GAP_MERGE_AND_REALIGNMENT_BOUNDARIES		false	External mapping is retained; exact productivity still depends on pattern-specific evidence and acceptance.
ScalarEvaluation	external_source_mapped	language	cantonese_language_claim	unsupported_generalization	2	SRC-LAM-2014-SURPASS-COMPARATIVE;SRC-ZHENG-ZHANG-GAO-2021-HK-CANTONESE-COURSE	CP021B-R29	SOURCE_LINKED_LEXICAL_SYUN3_EVALUATION_AND_SCALAR_PREDICATION_SPLIT_WITH_PRICE_TEMPLATE_GAPS		false	External mapping is retained; exact productivity still depends on pattern-specific evidence and acceptance.
ScalarRangeFragment	explicit_source_gap_quarantined	language	cantonese_language_claim	unsupported_generalization	0		CP021B-R19	LEXICAL_PRICE_RANGE_WRAPPER_UNEXERCISED_MERGE_OR_RETIRE		false	No inspected source establishes the exact standalone wrapper; dormant merge-or-retire candidate; non-promotable.
ScalarValueQuestion	external_source_mapped	language	cantonese_language_claim	unsupported_generalization	2	SRC-YIP-MATTHEWS-2000-BASIC;SRC-TAM-2021-DOZE	CP021B-R19	PRICE_AMOUNT_AND_SCALAR_DIMENSION_QUESTION_SPLIT_REQUIRED		false	External mapping is retained; exact productivity still depends on pattern-specific evidence and acceptance.
SchedulingQuestion	external_source_mapped	language	cantonese_language_claim	unsupported_generalization	2	SRC-ALDERETE-ETAL-2017-SYNOPSIS;SRC-ZHENG-ZHANG-GAO-2021-HK-CANTONESE-COURSE	CP021B-R30	SCHEDULING_DOMAIN_SOURCE_LINKED_EXACT_STANCE_ACTION_TIME_QUALITY_TEMPLATE_GAP_AND_ORDINARY_WH_REALIGNMENT_REQUIRED		false	External mapping is retained; exact productivity still depends on pattern-specific evidence and acceptance.
SeemingPerfectiveResultClause	external_source_mapped	language	cantonese_language_claim	unsupported_generalization	2	SRC-KEDZIOR-2023;SRC-ZHENG-ZHANG-GAO-2021-HK-CANTONESE-COURSE	CP021B-R28	COMPLETE_WITH_SPLIT_GAP_MERGE_AND_REALIGNMENT_BOUNDARIES		false	External mapping is retained; exact productivity still depends on pattern-specific evidence and acceptance.
SerialVerbPurposeChain	external_source_mapped	language	cantonese_language_claim	research_pending	3	SRC-CHOR-2018-DIRECTIONALS,SRC-LAM-BODOMO-2003-VERB-ORDER,SRC-MATTHEWS-2006-SVC	CP021B-R16	COMPLETE_WITH_SERIAL_PURPOSE_RELATION_AND_REPRESENTATION_BOUNDARIES		false	External mapping is retained; exact productivity still depends on pattern-specific evidence and acceptance.
SourceMotionClause	external_source_mapped	language	cantonese_language_claim	unsupported_generalization	3	SRC-LEUNG-2014-COVERBS,SRC-LEUNG-2026-MOTION,SRC-YIP-MATTHEWS-2000-BASIC	CP021B-R2	COMPLETE_WITH_BOUNDARIES		false	External mapping is retained; exact productivity still depends on pattern-specific evidence and acceptance.
SpeechTransferClause	external_source_mapped	language	cantonese_language_claim	unsupported_generalization	2	SRC-MATTHEWS-2006-SVC,SRC-YIP-MATTHEWS-2017-INTERMEDIATE	CP021B-R31	EXACT_SURFACE_LINKED_TRANSPARENT_WRAPPER_REDUNDANCY		false	External mapping is retained; exact productivity still depends on pattern-specific evidence and acceptance.
StativeNominalComplement	external_source_mapped	language	cantonese_language_claim	research_pending	1	SRC-SIO-2011-GE3	CP021B-R11	COMPLETE_WITH_HEADED_HEADLESS_AND_FINAL_GE3_SPLIT		false	External mapping is retained; exact productivity still depends on pattern-specific evidence and acceptance.
StativePredicate	external_source_mapped	language	cantonese_language_claim	unsupported_generalization	3	SRC-ALDERETE-ETAL-2017-SYNOPSIS,SRC-FRANCIS-MATTHEWS-2005-VERB-CATEGORY,SRC-YIP-1988-NEGATION	CP021B-R8	COMPLETE_WITH_BARE_DEGREE_NEGATION_AND_CLAUSE_SPLITS		false	External mapping is retained; exact productivity still depends on pattern-specific evidence and acceptance.
SuggestionQuestion	external_source_mapped	language	cantonese_language_claim	unsupported_generalization	1	SRC-ZHENG-ZHANG-GAO-2021-HK-CANTONESE-COURSE	CP021B-R27	COMPLETE_WITH_SPLIT_GAP_AND_REALIGNMENT_BOUNDARIES		false	External mapping is retained; exact productivity still depends on pattern-specific evidence and acceptance.
TemporalAdverbialClause	external_source_mapped	language	cantonese_language_claim	unsupported_generalization	1	SRC-YIP-2024-TEMPORAL-ADVERBIAL-CLAUSES	CP021B-R12	COMPLETE_WITH_TEMPORAL_SUBTYPE_AND_HEAD_SELECTION_BOUNDARIES		false	External mapping is retained; exact productivity still depends on pattern-specific evidence and acceptance.
TemporalClause	external_source_mapped	language	cantonese_language_claim	provisional	3	SRC-WONG-2002-CANTONESE-ADVERBS,SRC-YIP-2024-TEMPORAL-ADVERBIAL-CLAUSES,SRC-YIP-MATTHEWS-2000-BASIC	CP021B-R12	COMPLETE_WITH_TEMPORAL_SUBTYPE_AND_HEAD_SELECTION_BOUNDARIES		false	Provisional mapping requires retroactive source re-verification and two-speaker review before productive acceptance. External mapping is retained; exact productivity still depends on pattern-specific evidence and acceptance.
TimeNP	external_source_mapped	language	cantonese_language_claim	research_pending	4	SRC-TANG-2024-CANTONESE-GRAMMAR-GUIDE,SRC-WONG-2002-CANTONESE-ADVERBS,SRC-YIP-2024-TEMPORAL-ADVERBIAL-CLAUSES,SRC-YIP-MATTHEWS-2000-BASIC	CP021B-R12	COMPLETE_WITH_TEMPORAL_SUBTYPE_AND_HEAD_SELECTION_BOUNDARIES		false	External mapping is retained; exact productivity still depends on pattern-specific evidence and acceptance.
TimeToActionFrame	external_source_mapped	language	cantonese_language_claim	unsupported_generalization	2	SRC-YIP-2024-TEMPORAL-ADVERBIAL-CLAUSES;SRC-ZHENG-ZHANG-GAO-2021-HK-CANTONESE-COURSE	CP021B-R27	COMPLETE_WITH_SPLIT_GAP_AND_REALIGNMENT_BOUNDARIES		false	External mapping is retained; exact productivity still depends on pattern-specific evidence and acceptance.
Topic	internal_representation_or_heuristic	internal	parser_representation_decision	parser_heuristic	0		CP021B-R34	COMPLETE_INTERNAL_DISPOSITION	CP021B-R34; PARSER-CONSTRUCTION-INTERNAL-DISPOSITION-MATRIX-CP021B-R34.tsv; RENAME_INTERNAL_DISCOURSE_TOPIC_ROLE_WRAPPER_NO_AUTOMATIC_SYNTACTIC_TOPIC_CLAIM	false	Internal representation or heuristic; cannot independently license Cantonese grammar.
TopicComment	internal_representation_or_heuristic	internal	parser_representation_decision	parser_heuristic	0		CP021B-R34	COMPLETE_INTERNAL_DISPOSITION	CP021B-R34; PARSER-CONSTRUCTION-INTERNAL-DISPOSITION-MATRIX-CP021B-R34.tsv; NARROW_TOPICCOMMENT_TO_COMPLETE_TOPIC_AND_TYPED_COMMENT_WITH_FULL_SPAN_COVERAGE	false	Internal representation or heuristic; cannot independently license Cantonese grammar.
TopicCommentClause	internal_representation_or_heuristic	internal	parser_representation_decision	parser_heuristic	0		CP021B-R34	COMPLETE_INTERNAL_DISPOSITION	CP021B-R34; PARSER-CONSTRUCTION-INTERNAL-DISPOSITION-MATRIX-CP021B-R34.tsv; RETIRE_DORMANT_DUPLICATE_OF_TOPICCOMMENT	false	Internal representation or heuristic; cannot independently license Cantonese grammar.
TransformationResultFrame	external_source_mapped	language	cantonese_language_claim	unsupported_generalization	2	SRC-KEDZIOR-2023;SRC-ZHENG-ZHANG-GAO-2021-HK-CANTONESE-COURSE	CP021B-R28	COMPLETE_WITH_SPLIT_GAP_MERGE_AND_REALIGNMENT_BOUNDARIES		false	External mapping is retained; exact productivity still depends on pattern-specific evidence and acceptance.
TransformationResultPredicate	external_source_mapped	language	cantonese_language_claim	unsupported_generalization	2	SRC-KEDZIOR-2023;SRC-ZHENG-ZHANG-GAO-2021-HK-CANTONESE-COURSE	CP021B-R28	COMPLETE_WITH_SPLIT_GAP_MERGE_AND_REALIGNMENT_BOUNDARIES		false	External mapping is retained; exact productivity still depends on pattern-specific evidence and acceptance.
TransitiveVP	external_source_mapped	language	cantonese_language_claim	provisional	2	SRC-ALDERETE-ETAL-2017-SYNOPSIS,SRC-WONG-2023-LANGUAGE-SAMPLE	CP021B-R33	TRANSITIVE_SCHEMA_LINKED_VALENCY_AND_NULL_ARGUMENT_SPLIT		false	Provisional mapping requires retroactive source re-verification and two-speaker review before productive acceptance. External mapping is retained; exact productivity still depends on pattern-specific evidence and acceptance.
VPComplementFrame	internal_representation_or_heuristic	internal	parser_representation_decision	parser_heuristic	0		CP021B-R34	COMPLETE_INTERNAL_DISPOSITION	CP021B-R34; PARSER-CONSTRUCTION-INTERNAL-DISPOSITION-MATRIX-CP021B-R34.tsv; NARROW_BY_LEXEME_COMPLEMENT_SELECTION_OR_MERGE_TO_TYPED_PREDICATES	false	Internal representation or heuristic; cannot independently license Cantonese grammar.
VerbComplementVP	external_source_mapped	language	cantonese_language_claim	provisional	3	SRC-CHENG-SYBESMA-2004-POSTVERBAL-DAK,SRC-LAU-LEE-2021-RVC,SRC-SHAN-JIN-2025-MOTION-TYPOLOGY	CP021B-R10	COMPLETE_AS_HETEROGENEOUS_UMBRELLA_SPLIT		false	Provisional mapping requires retroactive source re-verification and two-speaker review before productive acceptance. External mapping is retained; exact productivity still depends on pattern-specific evidence and acceptance.
VocativeAddressTerm	external_source_mapped	language	lexicalized_language_claim	lexicalized_only	3	SRC-CHEUNG-1990-ADDRESS;SRC-CHOW-2007-CANTONESE-EVERYONE;SRC-ZHENG-ZHANG-GAO-2021-HK-CANTONESE-COURSE	CP021B-R20	ADDRESS_SYSTEM_SOURCE_LINKED_LEXICAL_SOCIAL_SUBTYPES_AND_GENERATIVE_CROSSPRODUCT_NARROWING_REQUIRED		false	External mapping is retained; exact productivity still depends on pattern-specific evidence and acceptance.
WhClassifierQuestion	external_source_mapped	language	cantonese_language_claim	unsupported_generalization	3	SRC-WONG-2023-LANGUAGE-SAMPLE;SRC-XIA-2025-CLASSIFIERS;SRC-ZHENG-ZHANG-GAO-2021-HK-CANTONESE-COURSE	CP021B-R20	SOURCE_LINKED_WH_NP_SCHEMA_NODE_REALIGNMENT_AND_ELLIPSIS_SPLIT_REQUIRED		false	External mapping is retained; exact productivity still depends on pattern-specific evidence and acceptance.
