runtime_label	claim_layer	current_linguistic_status	runtime_embedded_status	status_alignment	linguistic_confidence_state	implementation_lifecycle	runtime_code_reference_count	accepted_fixture_count	accepted_fixture_origin_count	visible_or_focused_test_status	render_review_status	held_out_status	regression_status	code_document_alignment_status	productive_acceptance_eligible	note
ANotAQuestion	language	research_pending	research_pending	ALIGNED	not_assigned_research_pending	runtime_referenced_with_accepted_fixtures	11	10	16	not_assessed_in_current_definition_of_done_review	not_assessed_in_current_definition_of_done_review	NOT_ESTABLISHED	not_assessed_in_current_definition_of_done_review	pending_current_definition_of_done_line_by_line_review	false	Linguistic status and embedded runtime metadata currently agree.
AcceptabilityANotA	language	unsupported_generalization	unsupported_generalization	ALIGNED	unsupported_current_claim	runtime_referenced_without_accepted_fixtures	3	0	0	not_assessed_in_current_definition_of_done_review	not_assessed_in_current_definition_of_done_review	NOT_ESTABLISHED	not_assessed_in_current_definition_of_done_review	pending_current_definition_of_done_line_by_line_review	false	Linguistic status and embedded runtime metadata currently agree.
AcceptabilityClause	language	unsupported_generalization	unsupported_generalization	ALIGNED	unsupported_current_claim	runtime_referenced_without_accepted_fixtures	6	0	0	not_assessed_in_current_definition_of_done_review	not_assessed_in_current_definition_of_done_review	NOT_ESTABLISHED	not_assessed_in_current_definition_of_done_review	pending_current_definition_of_done_line_by_line_review	false	Linguistic status and embedded runtime metadata currently agree.
ActionStativeVP	language	research_pending	research_pending	ALIGNED	not_assigned_research_pending	runtime_referenced_with_accepted_fixtures	4	3	1	not_assessed_in_current_definition_of_done_review	not_assessed_in_current_definition_of_done_review	NOT_ESTABLISHED	not_assessed_in_current_definition_of_done_review	pending_current_definition_of_done_line_by_line_review	false	Linguistic status and embedded runtime metadata currently agree.
ApproximateQuantity	language	unsupported_generalization	unsupported_generalization	ALIGNED	unsupported_current_claim	runtime_referenced_with_accepted_fixtures	7	3	7	not_assessed_in_current_definition_of_done_review	not_assessed_in_current_definition_of_done_review	NOT_ESTABLISHED	not_assessed_in_current_definition_of_done_review	pending_current_definition_of_done_line_by_line_review	false	Linguistic status and embedded runtime metadata currently agree.
AssociativeNP	language	unsupported_generalization	unsupported_generalization	ALIGNED	unsupported_current_claim	runtime_referenced_without_accepted_fixtures	4	0	0	not_assessed_in_current_definition_of_done_review	not_assessed_in_current_definition_of_done_review	NOT_ESTABLISHED	not_assessed_in_current_definition_of_done_review	pending_current_definition_of_done_line_by_line_review	false	Linguistic status and embedded runtime metadata currently agree.
CausativeResultFrame	language	unsupported_generalization	unsupported_generalization	ALIGNED	unsupported_current_claim	runtime_referenced_without_accepted_fixtures	4	0	0	not_assessed_in_current_definition_of_done_review	not_assessed_in_current_definition_of_done_review	NOT_ESTABLISHED	not_assessed_in_current_definition_of_done_review	pending_current_definition_of_done_line_by_line_review	false	Linguistic status and embedded runtime metadata currently agree.
CausativeResultPredicate	language	unsupported_generalization	unsupported_generalization	ALIGNED	unsupported_current_claim	runtime_referenced_without_accepted_fixtures	4	0	0	not_assessed_in_current_definition_of_done_review	not_assessed_in_current_definition_of_done_review	NOT_ESTABLISHED	not_assessed_in_current_definition_of_done_review	pending_current_definition_of_done_line_by_line_review	false	Linguistic status and embedded runtime metadata currently agree.
ChangeIntoPredicate	language	unsupported_generalization	unsupported_generalization	ALIGNED	unsupported_current_claim	runtime_referenced_without_accepted_fixtures	4	0	0	not_assessed_in_current_definition_of_done_review	not_assessed_in_current_definition_of_done_review	NOT_ESTABLISHED	not_assessed_in_current_definition_of_done_review	pending_current_definition_of_done_line_by_line_review	false	Linguistic status and embedded runtime metadata currently agree.
ClassifierObjectNP	language	unsupported_generalization	unsupported_generalization	ALIGNED	unsupported_current_claim	runtime_referenced_with_accepted_fixtures	8	4	3	not_assessed_in_current_definition_of_done_review	not_assessed_in_current_definition_of_done_review	NOT_ESTABLISHED	not_assessed_in_current_definition_of_done_review	pending_current_definition_of_done_line_by_line_review	false	Linguistic status and embedded runtime metadata currently agree.
ClauseRelationEdge	internal	parser_heuristic	parser_heuristic	ALIGNED	not_applicable_internal	runtime_referenced_with_accepted_fixtures	12	27	12	not_assessed_in_current_definition_of_done_review	not_assessed_in_current_definition_of_done_review	NOT_ESTABLISHED	not_assessed_in_current_definition_of_done_review	not_applicable_or_internal	false	Linguistic status and embedded runtime metadata currently agree.
ClauseRelationGraph	internal	parser_heuristic	parser_heuristic	ALIGNED	not_applicable_internal	runtime_referenced_with_accepted_fixtures	17	47	23	not_assessed_in_current_definition_of_done_review	not_assessed_in_current_definition_of_done_review	NOT_ESTABLISHED	not_assessed_in_current_definition_of_done_review	not_applicable_or_internal	false	Linguistic status and embedded runtime metadata currently agree.
ClauseRelationMemberSpan	internal	parser_heuristic	parser_heuristic	ALIGNED	not_applicable_internal	runtime_referenced_with_accepted_fixtures	3	30	12	not_assessed_in_current_definition_of_done_review	not_assessed_in_current_definition_of_done_review	NOT_ESTABLISHED	not_assessed_in_current_definition_of_done_review	not_applicable_or_internal	false	Linguistic status and embedded runtime metadata currently agree.
ClauseSpan	internal	parser_heuristic	parser_heuristic	ALIGNED	not_applicable_internal	runtime_referenced_with_accepted_fixtures	75	118	29	not_assessed_in_current_definition_of_done_review	not_assessed_in_current_definition_of_done_review	NOT_YET_OPENED	not_assessed_in_current_definition_of_done_review	not_applicable_or_internal	false	Linguistic status and embedded runtime metadata currently agree.
CognitionContentFrame	language	research_pending	research_pending	ALIGNED	not_assigned_research_pending	runtime_referenced_with_accepted_fixtures	5	4	3	not_assessed_in_current_definition_of_done_review	not_assessed_in_current_definition_of_done_review	NOT_ESTABLISHED	not_assessed_in_current_definition_of_done_review	pending_current_definition_of_done_line_by_line_review	false	Linguistic status and embedded runtime metadata currently agree.
CognitionDelimitedObjectVP	language	unsupported_generalization	unsupported_generalization	ALIGNED	unsupported_current_claim	runtime_referenced_without_accepted_fixtures	4	0	0	not_assessed_in_current_definition_of_done_review	not_assessed_in_current_definition_of_done_review	NOT_ESTABLISHED	not_assessed_in_current_definition_of_done_review	pending_current_definition_of_done_line_by_line_review	false	Linguistic status and embedded runtime metadata currently agree.
CognitionDelimitedVP	language	unsupported_generalization	unsupported_generalization	ALIGNED	unsupported_current_claim	runtime_referenced_without_accepted_fixtures	3	0	0	not_assessed_in_current_definition_of_done_review	not_assessed_in_current_definition_of_done_review	NOT_ESTABLISHED	not_assessed_in_current_definition_of_done_review	pending_current_definition_of_done_line_by_line_review	false	Linguistic status and embedded runtime metadata currently agree.
CognitionStatementClause	language	unsupported_generalization	unsupported_generalization	ALIGNED	unsupported_current_claim	runtime_referenced_with_accepted_fixtures	6	8	3	not_assessed_in_current_definition_of_done_review	not_assessed_in_current_definition_of_done_review	NOT_ESTABLISHED	not_assessed_in_current_definition_of_done_review	pending_current_definition_of_done_line_by_line_review	false	Linguistic status and embedded runtime metadata currently agree.
Comment	internal	parser_heuristic	parser_heuristic	ALIGNED	not_applicable_internal	runtime_referenced_without_accepted_fixtures	1	0	0	not_assessed_in_current_definition_of_done_review	not_assessed_in_current_definition_of_done_review	NOT_ESTABLISHED	not_assessed_in_current_definition_of_done_review	not_applicable_or_internal	false	Linguistic status and embedded runtime metadata currently agree.
ComparativeStative	language	unsupported_generalization	unsupported_generalization	ALIGNED	unsupported_current_claim	runtime_referenced_without_accepted_fixtures	1	0	0	not_assessed_in_current_definition_of_done_review	not_assessed_in_current_definition_of_done_review	NOT_ESTABLISHED	not_assessed_in_current_definition_of_done_review	pending_current_definition_of_done_line_by_line_review	false	Linguistic status and embedded runtime metadata currently agree.
ComplementEllipsisFragment	language	research_pending	research_pending	ALIGNED	not_assigned_research_pending	runtime_referenced_with_accepted_fixtures	7	5	1	not_assessed_in_current_definition_of_done_review	not_assessed_in_current_definition_of_done_review	NOT_ESTABLISHED	not_assessed_in_current_definition_of_done_review	pending_current_definition_of_done_line_by_line_review	false	Linguistic status and embedded runtime metadata currently agree.
CompletionQuestion	language	research_pending	research_pending	ALIGNED	not_assigned_research_pending	runtime_referenced_with_accepted_fixtures	11	8	12	not_assessed_in_current_definition_of_done_review	not_assessed_in_current_definition_of_done_review	NOT_ESTABLISHED	not_assessed_in_current_definition_of_done_review	pending_current_definition_of_done_line_by_line_review	false	Linguistic status and embedded runtime metadata currently agree.
CompletionThenClause	language	unsupported_generalization	unsupported_generalization	ALIGNED	unsupported_current_claim	runtime_referenced_without_accepted_fixtures	3	0	0	not_assessed_in_current_definition_of_done_review	not_assessed_in_current_definition_of_done_review	NOT_ESTABLISHED	not_assessed_in_current_definition_of_done_review	pending_current_definition_of_done_line_by_line_review	false	Linguistic status and embedded runtime metadata currently agree.
CompletionVP	language	research_pending	research_pending	ALIGNED	not_assigned_research_pending	runtime_referenced_with_accepted_fixtures	19	7	5	not_assessed_in_current_definition_of_done_review	not_assessed_in_current_definition_of_done_review	CANDIDATE_HEADLESS_4_OF_4_INDEPENDENT_POSITIVES_PASS_RENDERED_PENDING	not_assessed_in_current_definition_of_done_review	pending_current_definition_of_done_line_by_line_review	false	Linguistic status and embedded runtime metadata currently agree.
CompoundDirectionalMotionVP	language	unsupported_generalization	unsupported_generalization	ALIGNED	unsupported_current_claim	runtime_referenced_without_accepted_fixtures	4	0	0	not_assessed_in_current_definition_of_done_review	not_assessed_in_current_definition_of_done_review	NOT_ESTABLISHED	not_assessed_in_current_definition_of_done_review	pending_current_definition_of_done_line_by_line_review	false	Linguistic status and embedded runtime metadata currently agree.
ConditionResult	language	unsupported_generalization	unsupported_generalization	ALIGNED	unsupported_current_claim	runtime_referenced_without_accepted_fixtures	4	0	0	not_assessed_in_current_definition_of_done_review	not_assessed_in_current_definition_of_done_review	NOT_ESTABLISHED	not_assessed_in_current_definition_of_done_review	pending_current_definition_of_done_line_by_line_review	false	Linguistic status and embedded runtime metadata currently agree.
ConditionalClause	language	unsupported_generalization	unsupported_generalization	ALIGNED	unsupported_current_claim	runtime_referenced_with_accepted_fixtures	5	4	10	not_assessed_in_current_definition_of_done_review	not_assessed_in_current_definition_of_done_review	NOT_ESTABLISHED	not_assessed_in_current_definition_of_done_review	pending_current_definition_of_done_line_by_line_review	false	Linguistic status and embedded runtime metadata currently agree.
CoordinatedNP	language	unsupported_generalization	unsupported_generalization	ALIGNED	unsupported_current_claim	runtime_referenced_without_accepted_fixtures	9	0	0	not_assessed_in_current_definition_of_done_review	not_assessed_in_current_definition_of_done_review	NOT_ESTABLISHED	not_assessed_in_current_definition_of_done_review	pending_current_definition_of_done_line_by_line_review	false	Linguistic status and embedded runtime metadata currently agree.
CopularANotAQuestion	language	unsupported_generalization	unsupported_generalization	ALIGNED	unsupported_current_claim	runtime_referenced_without_accepted_fixtures	5	0	0	not_assessed_in_current_definition_of_done_review	not_assessed_in_current_definition_of_done_review	NOT_ESTABLISHED	not_assessed_in_current_definition_of_done_review	pending_current_definition_of_done_line_by_line_review	false	Linguistic status and embedded runtime metadata currently agree.
CopularIdentificationFrame	internal	parser_heuristic	parser_heuristic	ALIGNED	not_applicable_internal	runtime_referenced_with_accepted_fixtures	7	2	1	not_assessed_in_current_definition_of_done_review	not_assessed_in_current_definition_of_done_review	NOT_ESTABLISHED	not_assessed_in_current_definition_of_done_review	not_applicable_or_internal	false	Linguistic status and embedded runtime metadata currently agree.
CopularRelationFrame	internal	parser_heuristic	parser_heuristic	ALIGNED	not_applicable_internal	runtime_referenced_with_accepted_fixtures	12	1	1	not_assessed_in_current_definition_of_done_review	not_assessed_in_current_definition_of_done_review	NOT_ESTABLISHED	not_assessed_in_current_definition_of_done_review	not_applicable_or_internal	false	Linguistic status and embedded runtime metadata currently agree.
CoverbFrame	language	research_pending	research_pending	ALIGNED	not_assigned_research_pending	runtime_referenced_with_accepted_fixtures	11	5	12	not_assessed_in_current_definition_of_done_review	not_assessed_in_current_definition_of_done_review	NOT_ESTABLISHED	not_assessed_in_current_definition_of_done_review	pending_current_definition_of_done_line_by_line_review	false	Linguistic status and embedded runtime metadata currently agree.
DefinitionComplement	internal	parser_heuristic	parser_heuristic	ALIGNED	not_applicable_internal	runtime_referenced_without_accepted_fixtures	2	0	0	not_assessed_in_current_definition_of_done_review	not_assessed_in_current_definition_of_done_review	NOT_ESTABLISHED	not_assessed_in_current_definition_of_done_review	not_applicable_or_internal	false	Linguistic status and embedded runtime metadata currently agree.
DefinitionExplanatoryFrame	internal	parser_heuristic	parser_heuristic	ALIGNED	not_applicable_internal	runtime_referenced_without_accepted_fixtures	7	0	0	not_assessed_in_current_definition_of_done_review	not_assessed_in_current_definition_of_done_review	NOT_ESTABLISHED	not_assessed_in_current_definition_of_done_review	not_applicable_or_internal	false	Linguistic status and embedded runtime metadata currently agree.
DegreeMannerAdverbial	language	research_pending	research_pending	ALIGNED	not_assigned_research_pending	runtime_referenced_with_accepted_fixtures	4	3	1	not_assessed_in_current_definition_of_done_review	not_assessed_in_current_definition_of_done_review	NOT_ESTABLISHED	not_assessed_in_current_definition_of_done_review	pending_current_definition_of_done_line_by_line_review	false	Linguistic status and embedded runtime metadata currently agree.
DegreeMannerModifiedVP	language	unsupported_generalization	unsupported_generalization	ALIGNED	unsupported_current_claim	runtime_referenced_without_accepted_fixtures	2	0	0	not_assessed_in_current_definition_of_done_review	not_assessed_in_current_definition_of_done_review	NOT_ESTABLISHED	not_assessed_in_current_definition_of_done_review	pending_current_definition_of_done_line_by_line_review	false	Linguistic status and embedded runtime metadata currently agree.
DegreeModifiedLexicalStative	language	unsupported_generalization	unsupported_generalization	ALIGNED	unsupported_current_claim	runtime_referenced_without_accepted_fixtures	5	0	0	not_assessed_in_current_definition_of_done_review	not_assessed_in_current_definition_of_done_review	NOT_ESTABLISHED	not_assessed_in_current_definition_of_done_review	pending_current_definition_of_done_line_by_line_review	false	Linguistic status and embedded runtime metadata currently agree.
DegreeStativePredicate	language	research_pending	provisional	LEGACY_RUNTIME_METADATA_STALE	not_assigned_pending_reaudit	runtime_referenced_with_accepted_fixtures	10	21	12	not_assessed_in_current_definition_of_done_review	not_assessed_in_current_definition_of_done_review	NOT_ESTABLISHED	not_assessed_in_current_definition_of_done_review	pending_current_definition_of_done_line_by_line_review	false	Current governance status is authoritative; runtime metadata will be corrected in a future candidate without treating the change as parser evidence.
DelimitedVP	language	unsupported_generalization	unsupported_generalization	ALIGNED	unsupported_current_claim	runtime_referenced_with_accepted_fixtures	4	7	4	not_assessed_in_current_definition_of_done_review	not_assessed_in_current_definition_of_done_review	NOT_ESTABLISHED	not_assessed_in_current_definition_of_done_review	pending_current_definition_of_done_line_by_line_review	false	Linguistic status and embedded runtime metadata currently agree.
DemonstrativeClassifierNP	internal	parser_heuristic	parser_heuristic	ALIGNED	not_applicable_internal	runtime_referenced_with_accepted_fixtures	14	30	9	not_assessed_in_current_definition_of_done_review	not_assessed_in_current_definition_of_done_review	NOT_APPLICABLE_COMPATIBILITY_ALIAS	not_assessed_in_current_definition_of_done_review	not_applicable_or_internal	false	Linguistic status and embedded runtime metadata currently agree.
DemonstrativeHeadNP	language	unsupported_generalization	unsupported_generalization	ALIGNED	unsupported_current_claim	runtime_referenced_without_accepted_fixtures	2	0	0	not_assessed_in_current_definition_of_done_review	not_assessed_in_current_definition_of_done_review	NOT_ESTABLISHED	not_assessed_in_current_definition_of_done_review	pending_current_definition_of_done_line_by_line_review	false	Linguistic status and embedded runtime metadata currently agree.
DesiderativeVP	language	research_pending	research_pending	ALIGNED	not_assigned_research_pending	runtime_referenced_with_accepted_fixtures	9	12	5	not_assessed_in_current_definition_of_done_review	not_assessed_in_current_definition_of_done_review	NOT_ESTABLISHED	not_assessed_in_current_definition_of_done_review	pending_current_definition_of_done_line_by_line_review	false	Linguistic status and embedded runtime metadata currently agree.
DiMarkedNP	language	research_pending	provisional	LEGACY_RUNTIME_METADATA_STALE	not_assigned_pending_reaudit	runtime_referenced_with_accepted_fixtures	9	5	5	not_assessed_in_current_definition_of_done_review	not_assessed_in_current_definition_of_done_review	NOT_ESTABLISHED	not_assessed_in_current_definition_of_done_review	pending_current_definition_of_done_line_by_line_review	false	Current governance status is authoritative; runtime metadata will be corrected in a future candidate without treating the change as parser evidence.
DirectedMannerMotionVP	language	research_pending	research_pending	ALIGNED	not_assigned_research_pending	runtime_referenced_with_accepted_fixtures	13	6	1	not_assessed_in_current_definition_of_done_review	not_assessed_in_current_definition_of_done_review	NOT_ESTABLISHED	not_assessed_in_current_definition_of_done_review	pending_current_definition_of_done_line_by_line_review	false	Linguistic status and embedded runtime metadata currently agree.
DirectionalMotionVP	language	research_pending	provisional	LEGACY_RUNTIME_METADATA_STALE	not_assigned_pending_reaudit	runtime_referenced_with_accepted_fixtures	29	72	29	not_assessed_in_current_definition_of_done_review	not_assessed_in_current_definition_of_done_review	NOT_ESTABLISHED	not_assessed_in_current_definition_of_done_review	pending_current_definition_of_done_line_by_line_review	false	Current governance status is authoritative; runtime metadata will be corrected in a future candidate without treating the change as parser evidence.
DiscourseParticleFrame	internal	parser_heuristic	parser_heuristic	ALIGNED	not_applicable_internal	runtime_referenced_with_accepted_fixtures	15	20	5	not_assessed_in_current_definition_of_done_review	not_assessed_in_current_definition_of_done_review	NOT_ESTABLISHED	not_assessed_in_current_definition_of_done_review	not_applicable_or_internal	false	Linguistic status and embedded runtime metadata currently agree.
DisposalChangeIntoResultFrame	language	unsupported_generalization	unsupported_generalization	ALIGNED	unsupported_current_claim	runtime_referenced_without_accepted_fixtures	4	0	0	not_assessed_in_current_definition_of_done_review	not_assessed_in_current_definition_of_done_review	NOT_ESTABLISHED	not_assessed_in_current_definition_of_done_review	pending_current_definition_of_done_line_by_line_review	false	Linguistic status and embedded runtime metadata currently agree.
DitransitiveSpeechVP	language	unsupported_generalization	unsupported_generalization	ALIGNED	unsupported_current_claim	runtime_referenced_without_accepted_fixtures	3	0	0	not_assessed_in_current_definition_of_done_review	not_assessed_in_current_definition_of_done_review	NOT_ESTABLISHED	not_assessed_in_current_definition_of_done_review	pending_current_definition_of_done_line_by_line_review	false	Linguistic status and embedded runtime metadata currently agree.
DurativeVP	language	research_pending	research_pending	ALIGNED	not_assigned_research_pending	runtime_referenced_with_accepted_fixtures	4	1	1	not_assessed_in_current_definition_of_done_review	not_assessed_in_current_definition_of_done_review	NOT_ESTABLISHED	not_assessed_in_current_definition_of_done_review	pending_current_definition_of_done_line_by_line_review	false	Linguistic status and embedded runtime metadata currently agree.
EvaluationWithDouSyun	language	unsupported_generalization	unsupported_generalization	ALIGNED	unsupported_current_claim	runtime_referenced_without_accepted_fixtures	2	0	0	not_assessed_in_current_definition_of_done_review	not_assessed_in_current_definition_of_done_review	NOT_ESTABLISHED	not_assessed_in_current_definition_of_done_review	pending_current_definition_of_done_line_by_line_review	false	Linguistic status and embedded runtime metadata currently agree.
ExistentialClause	language	research_pending	research_pending	ALIGNED	not_assigned_research_pending	runtime_referenced_with_accepted_fixtures	7	4	3	not_assessed_in_current_definition_of_done_review	not_assessed_in_current_definition_of_done_review	NOT_ESTABLISHED	not_assessed_in_current_definition_of_done_review	pending_current_definition_of_done_line_by_line_review	false	Linguistic status and embedded runtime metadata currently agree.
ExistentialPresentationalClause	language	research_pending	research_pending	ALIGNED	not_assigned_research_pending	runtime_referenced_with_accepted_fixtures	4	4	1	not_assessed_in_current_definition_of_done_review	not_assessed_in_current_definition_of_done_review	NOT_ESTABLISHED	not_assessed_in_current_definition_of_done_review	pending_current_definition_of_done_line_by_line_review	false	Linguistic status and embedded runtime metadata currently agree.
ExistentialQuestion	language	unsupported_generalization	unsupported_generalization	ALIGNED	unsupported_current_claim	runtime_referenced_with_accepted_fixtures	19	5	5	not_assessed_in_current_definition_of_done_review	not_assessed_in_current_definition_of_done_review	NOT_ESTABLISHED	not_assessed_in_current_definition_of_done_review	pending_current_definition_of_done_line_by_line_review	false	Linguistic status and embedded runtime metadata currently agree.
ExistentialWhQuestion	language	research_pending	research_pending	ALIGNED	not_assigned_research_pending	runtime_referenced_with_accepted_fixtures	4	5	6	not_assessed_in_current_definition_of_done_review	not_assessed_in_current_definition_of_done_review	NOT_ESTABLISHED	not_assessed_in_current_definition_of_done_review	pending_current_definition_of_done_line_by_line_review	false	Linguistic status and embedded runtime metadata currently agree.
ExperientialClause	language	unsupported_generalization	unsupported_generalization	ALIGNED	unsupported_current_claim	runtime_referenced_with_accepted_fixtures	2	1	1	not_assessed_in_current_definition_of_done_review	not_assessed_in_current_definition_of_done_review	NOT_ESTABLISHED	not_assessed_in_current_definition_of_done_review	pending_current_definition_of_done_line_by_line_review	false	Linguistic status and embedded runtime metadata currently agree.
ExperientialMotionGoalVP	language	unsupported_generalization	unsupported_generalization	ALIGNED	unsupported_current_claim	runtime_referenced_without_accepted_fixtures	3	0	0	not_assessed_in_current_definition_of_done_review	not_assessed_in_current_definition_of_done_review	NOT_ESTABLISHED	not_assessed_in_current_definition_of_done_review	pending_current_definition_of_done_line_by_line_review	false	Linguistic status and embedded runtime metadata currently agree.
ExperientialQuestion	language	unsupported_generalization	unsupported_generalization	ALIGNED	unsupported_current_claim	runtime_referenced_without_accepted_fixtures	3	0	0	not_assessed_in_current_definition_of_done_review	not_assessed_in_current_definition_of_done_review	NOT_ESTABLISHED	not_assessed_in_current_definition_of_done_review	pending_current_definition_of_done_line_by_line_review	false	Linguistic status and embedded runtime metadata currently agree.
ExperientialVP	language	research_pending	provisional	LEGACY_RUNTIME_METADATA_STALE	not_assigned_pending_reaudit	runtime_referenced_with_accepted_fixtures	6	3	9	not_assessed_in_current_definition_of_done_review	not_assessed_in_current_definition_of_done_review	NOT_ESTABLISHED	not_assessed_in_current_definition_of_done_review	pending_current_definition_of_done_line_by_line_review	false	Current governance status is authoritative; runtime metadata will be corrected in a future candidate without treating the change as parser evidence.
ExperientialYesNoQuestion	language	unsupported_generalization	unsupported_generalization	ALIGNED	unsupported_current_claim	runtime_referenced_with_accepted_fixtures	5	2	8	not_assessed_in_current_definition_of_done_review	not_assessed_in_current_definition_of_done_review	NOT_ESTABLISHED	not_assessed_in_current_definition_of_done_review	pending_current_definition_of_done_line_by_line_review	false	Linguistic status and embedded runtime metadata currently agree.
FocusParticleFrame	internal	parser_heuristic	parser_heuristic	ALIGNED	not_applicable_internal	runtime_referenced_with_accepted_fixtures	4	8	3	not_assessed_in_current_definition_of_done_review	not_assessed_in_current_definition_of_done_review	NOT_ESTABLISHED	not_assessed_in_current_definition_of_done_review	not_applicable_or_internal	false	Linguistic status and embedded runtime metadata currently agree.
FormulaDiscourseUnit	language	lexicalized_only	lexicalized_only	ALIGNED	bounded_nonproductive_status	runtime_referenced_with_accepted_fixtures	23	31	14	not_assessed_in_current_definition_of_done_review	not_assessed_in_current_definition_of_done_review	NOT_ESTABLISHED	not_assessed_in_current_definition_of_done_review	pending_current_definition_of_done_line_by_line_review	false	Linguistic status and embedded runtime metadata currently agree.
FragmentAnswer	language	research_pending	research_pending	ALIGNED	not_assigned_research_pending	runtime_referenced_with_accepted_fixtures	10	8	1	not_assessed_in_current_definition_of_done_review	not_assessed_in_current_definition_of_done_review	NOT_ESTABLISHED	not_assessed_in_current_definition_of_done_review	pending_current_definition_of_done_line_by_line_review	false	Linguistic status and embedded runtime metadata currently agree.
FragmentQuestion	language	research_pending	research_pending	ALIGNED	not_assigned_research_pending	runtime_referenced_with_accepted_fixtures	10	2	11	not_assessed_in_current_definition_of_done_review	not_assessed_in_current_definition_of_done_review	NOT_ESTABLISHED	not_assessed_in_current_definition_of_done_review	pending_current_definition_of_done_line_by_line_review	false	Linguistic status and embedded runtime metadata currently agree.
GoalAttainmentMotionVP	language	research_pending	research_pending	ALIGNED	not_assigned_research_pending	runtime_referenced_with_accepted_fixtures	4	2	1	not_assessed_in_current_definition_of_done_review	not_assessed_in_current_definition_of_done_review	NOT_ESTABLISHED	not_assessed_in_current_definition_of_done_review	pending_current_definition_of_done_line_by_line_review	false	Linguistic status and embedded runtime metadata currently agree.
HeadlessDemonstrativeClassifierNP	language	research_pending	research_pending	ALIGNED	not_assigned_research_pending	runtime_referenced_with_accepted_fixtures	14	30	9	not_assessed_in_current_definition_of_done_review	not_assessed_in_current_definition_of_done_review	NOT_ESTABLISHED	not_assessed_in_current_definition_of_done_review	pending_current_definition_of_done_line_by_line_review	false	Linguistic status and embedded runtime metadata currently agree.
IdentificationFragment	language	lexicalized_only	lexicalized_only	ALIGNED	bounded_nonproductive_status	runtime_referenced_without_accepted_fixtures	3	0	0	not_assessed_in_current_definition_of_done_review	not_assessed_in_current_definition_of_done_review	NOT_ESTABLISHED	not_assessed_in_current_definition_of_done_review	pending_current_definition_of_done_line_by_line_review	false	Linguistic status and embedded runtime metadata currently agree.
IdentityWhQuestion	language	unsupported_generalization	unsupported_generalization	ALIGNED	unsupported_current_claim	runtime_referenced_without_accepted_fixtures	6	0	0	not_assessed_in_current_definition_of_done_review	not_assessed_in_current_definition_of_done_review	NOT_ESTABLISHED	not_assessed_in_current_definition_of_done_review	pending_current_definition_of_done_line_by_line_review	false	Linguistic status and embedded runtime metadata currently agree.
ImpersonalEnvironmentalClause	language	research_pending	research_pending	ALIGNED	not_assigned_research_pending	runtime_referenced_with_accepted_fixtures	20	15	3	not_assessed_in_current_definition_of_done_review	not_assessed_in_current_definition_of_done_review	NOT_ESTABLISHED	not_assessed_in_current_definition_of_done_review	pending_current_definition_of_done_line_by_line_review	false	Linguistic status and embedded runtime metadata currently agree.
IntendedFunctionRelation	language	research_pending	provisional	LEGACY_RUNTIME_METADATA_STALE	not_assigned_pending_reaudit	runtime_referenced_without_accepted_fixtures	8	0	0	not_assessed_in_current_definition_of_done_review	not_assessed_in_current_definition_of_done_review	CP019_R2_FROZEN_64_ROW_HEADLESS_REVIEW_PENDING_RENDERED_ACCEPTANCE	not_assessed_in_current_definition_of_done_review	pending_current_definition_of_done_line_by_line_review	false	Current governance status is authoritative; runtime metadata will be corrected in a future candidate without treating the change as parser evidence.
IntentionFrame	language	unsupported_generalization	unsupported_generalization	ALIGNED	unsupported_current_claim	runtime_referenced_without_accepted_fixtures	3	0	0	not_assessed_in_current_definition_of_done_review	not_assessed_in_current_definition_of_done_review	NOT_ESTABLISHED	not_assessed_in_current_definition_of_done_review	pending_current_definition_of_done_line_by_line_review	false	Linguistic status and embedded runtime metadata currently agree.
IntransitiveVP	language	unsupported_generalization	unsupported_generalization	ALIGNED	unsupported_current_claim	runtime_referenced_with_accepted_fixtures	3	4	1	not_assessed_in_current_definition_of_done_review	not_assessed_in_current_definition_of_done_review	NOT_ESTABLISHED	not_assessed_in_current_definition_of_done_review	pending_current_definition_of_done_line_by_line_review	false	Linguistic status and embedded runtime metadata currently agree.
LexicalGiveRelation	language	research_pending	provisional	LEGACY_RUNTIME_METADATA_STALE	not_assigned_pending_reaudit	runtime_referenced_without_accepted_fixtures	6	0	0	not_assessed_in_current_definition_of_done_review	not_assessed_in_current_definition_of_done_review	NOT_ESTABLISHED	not_assessed_in_current_definition_of_done_review	pending_current_definition_of_done_line_by_line_review	false	Current governance status is authoritative; runtime metadata will be corrected in a future candidate without treating the change as parser evidence.
LocativeExistentialClause	language	research_pending	research_pending	ALIGNED	not_assigned_research_pending	runtime_referenced_with_accepted_fixtures	8	6	2	not_assessed_in_current_definition_of_done_review	not_assessed_in_current_definition_of_done_review	NOT_ESTABLISHED	not_assessed_in_current_definition_of_done_review	pending_current_definition_of_done_line_by_line_review	false	Linguistic status and embedded runtime metadata currently agree.
LocativeFragment	language	unsupported_generalization	unsupported_generalization	ALIGNED	unsupported_current_claim	runtime_referenced_without_accepted_fixtures	2	0	0	not_assessed_in_current_definition_of_done_review	not_assessed_in_current_definition_of_done_review	NOT_ESTABLISHED	not_assessed_in_current_definition_of_done_review	pending_current_definition_of_done_line_by_line_review	false	Linguistic status and embedded runtime metadata currently agree.
LocativeFrameClause	language	research_pending	research_pending	ALIGNED	not_assigned_research_pending	runtime_referenced_with_accepted_fixtures	10	4	2	not_assessed_in_current_definition_of_done_review	not_assessed_in_current_definition_of_done_review	NOT_ESTABLISHED	not_assessed_in_current_definition_of_done_review	pending_current_definition_of_done_line_by_line_review	false	Linguistic status and embedded runtime metadata currently agree.
LocativePlacePhrase	language	unsupported_generalization	unsupported_generalization	ALIGNED	unsupported_current_claim	runtime_referenced_with_accepted_fixtures	16	14	6	not_assessed_in_current_definition_of_done_review	not_assessed_in_current_definition_of_done_review	NOT_ESTABLISHED	not_assessed_in_current_definition_of_done_review	pending_current_definition_of_done_line_by_line_review	false	Linguistic status and embedded runtime metadata currently agree.
LocativePostureVP	language	unsupported_generalization	unsupported_generalization	ALIGNED	unsupported_current_claim	runtime_referenced_without_accepted_fixtures	4	0	0	not_assessed_in_current_definition_of_done_review	not_assessed_in_current_definition_of_done_review	NOT_ESTABLISHED	not_assessed_in_current_definition_of_done_review	pending_current_definition_of_done_line_by_line_review	false	Linguistic status and embedded runtime metadata currently agree.
LocativeWhQuestion	language	unsupported_generalization	unsupported_generalization	ALIGNED	unsupported_current_claim	runtime_referenced_with_accepted_fixtures	4	5	6	not_assessed_in_current_definition_of_done_review	not_assessed_in_current_definition_of_done_review	NOT_ESTABLISHED	not_assessed_in_current_definition_of_done_review	pending_current_definition_of_done_line_by_line_review	false	Linguistic status and embedded runtime metadata currently agree.
MalformedCandidate	internal	parser_heuristic	parser_heuristic	ALIGNED	not_applicable_internal	runtime_referenced_with_accepted_fixtures	13	15	14	not_assessed_in_current_definition_of_done_review	not_assessed_in_current_definition_of_done_review	NOT_ESTABLISHED	not_assessed_in_current_definition_of_done_review	not_applicable_or_internal	false	Linguistic status and embedded runtime metadata currently agree.
MannerAdverbialVP	language	unsupported_generalization	unsupported_generalization	ALIGNED	unsupported_current_claim	runtime_referenced_without_accepted_fixtures	4	0	0	not_assessed_in_current_definition_of_done_review	not_assessed_in_current_definition_of_done_review	NOT_ESTABLISHED	not_assessed_in_current_definition_of_done_review	pending_current_definition_of_done_line_by_line_review	false	Linguistic status and embedded runtime metadata currently agree.
MeasureExpression	internal	parser_heuristic	parser_heuristic	ALIGNED	not_applicable_internal	runtime_referenced_with_accepted_fixtures	4	12	1	not_assessed_in_current_definition_of_done_review	not_assessed_in_current_definition_of_done_review	NOT_ESTABLISHED	not_assessed_in_current_definition_of_done_review	not_applicable_or_internal	false	Linguistic status and embedded runtime metadata currently agree.
ModalANotAQuestion	language	research_pending	research_pending	ALIGNED	not_assigned_research_pending	runtime_referenced_with_accepted_fixtures	15	2	2	not_assessed_in_current_definition_of_done_review	not_assessed_in_current_definition_of_done_review	NOT_ESTABLISHED	not_assessed_in_current_definition_of_done_review	pending_current_definition_of_done_line_by_line_review	false	Linguistic status and embedded runtime metadata currently agree.
ModalChangeIntoResultFrame	language	unsupported_generalization	unsupported_generalization	ALIGNED	unsupported_current_claim	runtime_referenced_without_accepted_fixtures	4	0	0	not_assessed_in_current_definition_of_done_review	not_assessed_in_current_definition_of_done_review	NOT_ESTABLISHED	not_assessed_in_current_definition_of_done_review	pending_current_definition_of_done_line_by_line_review	false	Linguistic status and embedded runtime metadata currently agree.
ModalVP	language	research_pending	provisional	LEGACY_RUNTIME_METADATA_STALE	not_assigned_pending_reaudit	runtime_referenced_with_accepted_fixtures	17	15	16	not_assessed_in_current_definition_of_done_review	not_assessed_in_current_definition_of_done_review	NOT_ESTABLISHED	not_assessed_in_current_definition_of_done_review	pending_current_definition_of_done_line_by_line_review	false	Current governance status is authoritative; runtime metadata will be corrected in a future candidate without treating the change as parser evidence.
ModifiedNP	language	research_pending	provisional	LEGACY_RUNTIME_METADATA_STALE	not_assigned_pending_reaudit	runtime_referenced_with_accepted_fixtures	21	37	14	not_assessed_in_current_definition_of_done_review	not_assessed_in_current_definition_of_done_review	NOT_ESTABLISHED	not_assessed_in_current_definition_of_done_review	pending_current_definition_of_done_line_by_line_review	false	Current governance status is authoritative; runtime metadata will be corrected in a future candidate without treating the change as parser evidence.
ModifierNP	language	research_pending	provisional	LEGACY_RUNTIME_METADATA_STALE	not_assigned_pending_reaudit	runtime_referenced_with_accepted_fixtures	3	2	3	not_assessed_in_current_definition_of_done_review	not_assessed_in_current_definition_of_done_review	NOT_ESTABLISHED	not_assessed_in_current_definition_of_done_review	pending_current_definition_of_done_line_by_line_review	false	Current governance status is authoritative; runtime metadata will be corrected in a future candidate without treating the change as parser evidence.
MotionDelimitedVP	language	unsupported_generalization	unsupported_generalization	ALIGNED	unsupported_current_claim	runtime_referenced_without_accepted_fixtures	3	0	0	not_assessed_in_current_definition_of_done_review	not_assessed_in_current_definition_of_done_review	NOT_ESTABLISHED	not_assessed_in_current_definition_of_done_review	pending_current_definition_of_done_line_by_line_review	false	Linguistic status and embedded runtime metadata currently agree.
MotionGoalVP	language	unsupported_generalization	unsupported_generalization	ALIGNED	unsupported_current_claim	runtime_referenced_with_accepted_fixtures	20	40	14	not_assessed_in_current_definition_of_done_review	not_assessed_in_current_definition_of_done_review	NOT_ESTABLISHED	not_assessed_in_current_definition_of_done_review	pending_current_definition_of_done_line_by_line_review	false	Linguistic status and embedded runtime metadata currently agree.
MotionPurposeChain	language	unsupported_generalization	unsupported_generalization	ALIGNED	unsupported_current_claim	runtime_referenced_with_accepted_fixtures	16	1	1	not_assessed_in_current_definition_of_done_review	not_assessed_in_current_definition_of_done_review	NOT_ESTABLISHED	not_assessed_in_current_definition_of_done_review	pending_current_definition_of_done_line_by_line_review	false	Linguistic status and embedded runtime metadata currently agree.
NamingClause	language	unsupported_generalization	unsupported_generalization	ALIGNED	unsupported_current_claim	runtime_referenced_without_accepted_fixtures	5	0	0	not_assessed_in_current_definition_of_done_review	not_assessed_in_current_definition_of_done_review	NOT_ESTABLISHED	not_assessed_in_current_definition_of_done_review	pending_current_definition_of_done_line_by_line_review	false	Linguistic status and embedded runtime metadata currently agree.
NeedsContext	internal	parser_heuristic	parser_heuristic	ALIGNED	not_applicable_internal	runtime_referenced_with_accepted_fixtures	29	74	25	not_assessed_in_current_definition_of_done_review	not_assessed_in_current_definition_of_done_review	NOT_ESTABLISHED	not_assessed_in_current_definition_of_done_review	not_applicable_or_internal	false	Linguistic status and embedded runtime metadata currently agree.
NegatedDirectionalMotionVP	language	research_pending	provisional	LEGACY_RUNTIME_METADATA_STALE	not_assigned_pending_reaudit	runtime_referenced_with_accepted_fixtures	5	10	8	not_assessed_in_current_definition_of_done_review	not_assessed_in_current_definition_of_done_review	NOT_ESTABLISHED	not_assessed_in_current_definition_of_done_review	pending_current_definition_of_done_line_by_line_review	false	Current governance status is authoritative; runtime metadata will be corrected in a future candidate without treating the change as parser evidence.
NegatedExistentialClause	language	unsupported_generalization	unsupported_generalization	ALIGNED	unsupported_current_claim	runtime_referenced_with_accepted_fixtures	7	2	3	not_assessed_in_current_definition_of_done_review	not_assessed_in_current_definition_of_done_review	NOT_ESTABLISHED	not_assessed_in_current_definition_of_done_review	pending_current_definition_of_done_line_by_line_review	false	Linguistic status and embedded runtime metadata currently agree.
NegatedExistentialFragment	language	research_pending	provisional	LEGACY_RUNTIME_METADATA_STALE	not_assigned_pending_reaudit	runtime_referenced_with_accepted_fixtures	6	11	4	not_assessed_in_current_definition_of_done_review	not_assessed_in_current_definition_of_done_review	NOT_ESTABLISHED	not_assessed_in_current_definition_of_done_review	pending_current_definition_of_done_line_by_line_review	false	Current governance status is authoritative; runtime metadata will be corrected in a future candidate without treating the change as parser evidence.
NegatedLexicalizedStative	language	unsupported_generalization	unsupported_generalization	ALIGNED	unsupported_current_claim	runtime_referenced_without_accepted_fixtures	10	0	0	not_assessed_in_current_definition_of_done_review	not_assessed_in_current_definition_of_done_review	NOT_ESTABLISHED	not_assessed_in_current_definition_of_done_review	pending_current_definition_of_done_line_by_line_review	false	Linguistic status and embedded runtime metadata currently agree.
NegatedStativePredicate	language	unsupported_generalization	unsupported_generalization	ALIGNED	unsupported_current_claim	runtime_referenced_without_accepted_fixtures	8	0	0	not_assessed_in_current_definition_of_done_review	not_assessed_in_current_definition_of_done_review	NOT_ESTABLISHED	not_assessed_in_current_definition_of_done_review	pending_current_definition_of_done_line_by_line_review	false	Linguistic status and embedded runtime metadata currently agree.
NegatedVP	language	unsupported_generalization	unsupported_generalization	ALIGNED	unsupported_current_claim	runtime_referenced_with_accepted_fixtures	7	1	1	not_assessed_in_current_definition_of_done_review	not_assessed_in_current_definition_of_done_review	NOT_ESTABLISHED	not_assessed_in_current_definition_of_done_review	pending_current_definition_of_done_line_by_line_review	false	Linguistic status and embedded runtime metadata currently agree.
NegativeCognitionFragment	language	research_pending	research_pending	ALIGNED	not_assigned_research_pending	runtime_referenced_with_accepted_fixtures	4	1	1	not_assessed_in_current_definition_of_done_review	not_assessed_in_current_definition_of_done_review	NOT_ESTABLISHED	not_assessed_in_current_definition_of_done_review	pending_current_definition_of_done_line_by_line_review	false	Linguistic status and embedded runtime metadata currently agree.
NegativeExperiential	language	unsupported_generalization	unsupported_generalization	ALIGNED	unsupported_current_claim	runtime_referenced_without_accepted_fixtures	2	0	0	not_assessed_in_current_definition_of_done_review	not_assessed_in_current_definition_of_done_review	NOT_ESTABLISHED	not_assessed_in_current_definition_of_done_review	pending_current_definition_of_done_line_by_line_review	false	Linguistic status and embedded runtime metadata currently agree.
NegativePotentialComplement	language	unsupported_generalization	unsupported_generalization	ALIGNED	unsupported_current_claim	runtime_referenced_with_accepted_fixtures	10	5	2	not_assessed_in_current_definition_of_done_review	not_assessed_in_current_definition_of_done_review	NOT_ESTABLISHED	not_assessed_in_current_definition_of_done_review	pending_current_definition_of_done_line_by_line_review	false	Linguistic status and embedded runtime metadata currently agree.
NegativePotentialDirectionalVP	language	unsupported_generalization	unsupported_generalization	ALIGNED	unsupported_current_claim	runtime_referenced_with_accepted_fixtures	1	2	1	not_assessed_in_current_definition_of_done_review	not_assessed_in_current_definition_of_done_review	NOT_ESTABLISHED	not_assessed_in_current_definition_of_done_review	pending_current_definition_of_done_line_by_line_review	false	Linguistic status and embedded runtime metadata currently agree.
NominalHeadSpan	internal	parser_heuristic	parser_heuristic	ALIGNED	not_applicable_internal	runtime_referenced_with_accepted_fixtures	18	27	21	not_assessed_in_current_definition_of_done_review	not_assessed_in_current_definition_of_done_review	NOT_ESTABLISHED	not_assessed_in_current_definition_of_done_review	not_applicable_or_internal	false	Linguistic status and embedded runtime metadata currently agree.
NominalPredicateClause	language	research_pending	research_pending	ALIGNED	not_assigned_research_pending	runtime_referenced_with_accepted_fixtures	3	12	1	not_assessed_in_current_definition_of_done_review	not_assessed_in_current_definition_of_done_review	NOT_ESTABLISHED	not_assessed_in_current_definition_of_done_review	pending_current_definition_of_done_line_by_line_review	false	Linguistic status and embedded runtime metadata currently agree.
OpinionQuestion	language	unsupported_generalization	unsupported_generalization	ALIGNED	unsupported_current_claim	runtime_referenced_without_accepted_fixtures	2	0	0	not_assessed_in_current_definition_of_done_review	not_assessed_in_current_definition_of_done_review	NOT_ESTABLISHED	not_assessed_in_current_definition_of_done_review	pending_current_definition_of_done_line_by_line_review	false	Linguistic status and embedded runtime metadata currently agree.
OpinionStanceFrame	language	unsupported_generalization	unsupported_generalization	ALIGNED	unsupported_current_claim	runtime_referenced_with_accepted_fixtures	10	15	9	not_assessed_in_current_definition_of_done_review	not_assessed_in_current_definition_of_done_review	NOT_ESTABLISHED	not_assessed_in_current_definition_of_done_review	pending_current_definition_of_done_line_by_line_review	false	Linguistic status and embedded runtime metadata currently agree.
OrdinalClassifierNP	language	unsupported_generalization	unsupported_generalization	ALIGNED	unsupported_current_claim	runtime_referenced_without_accepted_fixtures	12	0	0	not_assessed_in_current_definition_of_done_review	not_assessed_in_current_definition_of_done_review	NOT_ESTABLISHED	not_assessed_in_current_definition_of_done_review	pending_current_definition_of_done_line_by_line_review	false	Linguistic status and embedded runtime metadata currently agree.
OvertHeadDemonstrativeClassifierNP	language	research_pending	provisional	LEGACY_RUNTIME_METADATA_STALE	not_assigned_pending_reaudit	v0.5.183_render_candidate	14	30	9	9_of_9_exact_positive;0_of_8_forbidden_leakage;0_of_3_unresolved_promoted	pending_user_render_review	sealed_checksum_verified_unopened	543_of_543_pass_with_two_intentional_headless_label_transitions_tracked	pending_current_definition_of_done_line_by_line_review	false	Current governance status is authoritative; runtime metadata will be corrected in a future candidate without treating the change as parser evidence.
PassivePermissiveRelation	language	research_pending	provisional	LEGACY_RUNTIME_METADATA_STALE	not_assigned_pending_reaudit	runtime_referenced_without_accepted_fixtures	4	0	0	not_assessed_in_current_definition_of_done_review	not_assessed_in_current_definition_of_done_review	CP020_FROZEN_60_ROW_HEADLESS_REVIEW_PENDING_RENDERED_ACCEPTANCE	not_assessed_in_current_definition_of_done_review	pending_current_definition_of_done_line_by_line_review	false	Current governance status is authoritative; runtime metadata will be corrected in a future candidate without treating the change as parser evidence.
PathPhrase	language	unsupported_generalization	unsupported_generalization	ALIGNED	unsupported_current_claim	runtime_referenced_with_accepted_fixtures	7	1	1	not_assessed_in_current_definition_of_done_review	not_assessed_in_current_definition_of_done_review	NOT_ESTABLISHED	not_assessed_in_current_definition_of_done_review	pending_current_definition_of_done_line_by_line_review	false	Linguistic status and embedded runtime metadata currently agree.
PerfectiveDirectionalVP	language	unsupported_generalization	unsupported_generalization	ALIGNED	unsupported_current_claim	runtime_referenced_with_accepted_fixtures	1	2	1	not_assessed_in_current_definition_of_done_review	not_assessed_in_current_definition_of_done_review	NOT_ESTABLISHED	not_assessed_in_current_definition_of_done_review	pending_current_definition_of_done_line_by_line_review	false	Linguistic status and embedded runtime metadata currently agree.
PerfectiveObjectResultPredicate	language	unsupported_generalization	unsupported_generalization	ALIGNED	unsupported_current_claim	runtime_referenced_without_accepted_fixtures	4	0	0	not_assessed_in_current_definition_of_done_review	not_assessed_in_current_definition_of_done_review	NOT_ESTABLISHED	not_assessed_in_current_definition_of_done_review	pending_current_definition_of_done_line_by_line_review	false	Linguistic status and embedded runtime metadata currently agree.
PerfectiveResultPredicate	language	unsupported_generalization	unsupported_generalization	ALIGNED	unsupported_current_claim	runtime_referenced_without_accepted_fixtures	3	0	0	not_assessed_in_current_definition_of_done_review	not_assessed_in_current_definition_of_done_review	NOT_ESTABLISHED	not_assessed_in_current_definition_of_done_review	pending_current_definition_of_done_line_by_line_review	false	Linguistic status and embedded runtime metadata currently agree.
PerfectiveVP	language	research_pending	provisional	LEGACY_RUNTIME_METADATA_STALE	not_assigned_pending_reaudit	runtime_referenced_with_accepted_fixtures	23	37	21	not_assessed_in_current_definition_of_done_review	not_assessed_in_current_definition_of_done_review	CANDIDATE_HEADLESS_4_OF_4_INDEPENDENT_COMPLETION_PERFECTIVE_POSITIVES_PASS_RENDERED_PENDING	not_assessed_in_current_definition_of_done_review	pending_current_definition_of_done_line_by_line_review	false	Current governance status is authoritative; runtime metadata will be corrected in a future candidate without treating the change as parser evidence.
PolarQuestionFrame	internal	parser_heuristic	parser_heuristic	ALIGNED	not_applicable_internal	runtime_referenced_with_accepted_fixtures	10	6	6	not_assessed_in_current_definition_of_done_review	not_assessed_in_current_definition_of_done_review	NOT_ESTABLISHED	not_assessed_in_current_definition_of_done_review	not_applicable_or_internal	false	Linguistic status and embedded runtime metadata currently agree.
PoliteImperativeClause	language	unsupported_generalization	unsupported_generalization	ALIGNED	unsupported_current_claim	runtime_referenced_without_accepted_fixtures	5	0	0	not_assessed_in_current_definition_of_done_review	not_assessed_in_current_definition_of_done_review	NOT_ESTABLISHED	not_assessed_in_current_definition_of_done_review	pending_current_definition_of_done_line_by_line_review	false	Linguistic status and embedded runtime metadata currently agree.
PossessiveClassifierNP	language	unsupported_generalization	unsupported_generalization	ALIGNED	unsupported_current_claim	runtime_referenced_without_accepted_fixtures	4	0	0	not_assessed_in_current_definition_of_done_review	not_assessed_in_current_definition_of_done_review	NOT_ESTABLISHED	not_assessed_in_current_definition_of_done_review	pending_current_definition_of_done_line_by_line_review	false	Linguistic status and embedded runtime metadata currently agree.
PossessiveTransferClause	language	unsupported_generalization	unsupported_generalization	ALIGNED	unsupported_current_claim	runtime_referenced_without_accepted_fixtures	5	0	0	not_assessed_in_current_definition_of_done_review	not_assessed_in_current_definition_of_done_review	NOT_ESTABLISHED	not_assessed_in_current_definition_of_done_review	pending_current_definition_of_done_line_by_line_review	false	Linguistic status and embedded runtime metadata currently agree.
PostThemeParticipantRelation	language	research_pending	provisional	LEGACY_RUNTIME_METADATA_STALE	not_assigned_pending_reaudit	runtime_referenced_without_accepted_fixtures	5	0	0	not_assessed_in_current_definition_of_done_review	not_assessed_in_current_definition_of_done_review	NOT_ESTABLISHED	not_assessed_in_current_definition_of_done_review	pending_current_definition_of_done_line_by_line_review	false	Current governance status is authoritative; runtime metadata will be corrected in a future candidate without treating the change as parser evidence.
PostposedExistentialQuestion	language	unsupported_generalization	unsupported_generalization	ALIGNED	unsupported_current_claim	runtime_referenced_without_accepted_fixtures	4	0	0	not_assessed_in_current_definition_of_done_review	not_assessed_in_current_definition_of_done_review	NOT_ESTABLISHED	not_assessed_in_current_definition_of_done_review	pending_current_definition_of_done_line_by_line_review	false	Linguistic status and embedded runtime metadata currently agree.
PostverbalZoPerfectiveVP	language	provisional_reaudit	supported_productive	LEGACY_RUNTIME_METADATA_STALE	not_assigned_reaudit_found_material_evidence_gaps	frozen_runtime_reaudit_found_source_linked_object_lexicon_and_question_integration_gaps	5	12	10	CP025_CONTROLLED_POSITIVES_2_OF_6_TARGET_PRESENT;BOUNDARIES_7_ABSENT_PLUS_1_BLOCKED	historical_render_pass_retained_software_only	PROSPECTIVE_7_OF_7_PASS_CONSUMED_SOFTWARE_ONLY	historical_release_regression_pass_retained	FAIL_CP025_RUNTIME_ACTION_VERB_SELECTION_AND_SEMANTIC_WORDING_MISMATCH	false	CP025: four sources reverified; published examples manually reviewed; old six-hit corpus count untraceable; only one exact prior speaker judgment; frozen runtime covers 2/6 controlled positive probes; two controlled independent speaker forms and a corrected narrowed runtime candidate are required.
PotentialDirectionalVP	language	research_pending	research_pending	ALIGNED	not_assigned_research_pending	runtime_referenced_with_accepted_fixtures	1	2	1	not_assessed_in_current_definition_of_done_review	not_assessed_in_current_definition_of_done_review	NOT_ESTABLISHED	not_assessed_in_current_definition_of_done_review	pending_current_definition_of_done_line_by_line_review	false	Linguistic status and embedded runtime metadata currently agree.
PotentialResultVP	language	research_pending	research_pending	ALIGNED	not_assigned_research_pending	runtime_referenced_with_accepted_fixtures	5	3	2	not_assessed_in_current_definition_of_done_review	not_assessed_in_current_definition_of_done_review	NOT_ESTABLISHED	not_assessed_in_current_definition_of_done_review	pending_current_definition_of_done_line_by_line_review	false	Linguistic status and embedded runtime metadata currently agree.
PreferenceVP	language	unsupported_generalization	unsupported_generalization	ALIGNED	unsupported_current_claim	runtime_referenced_without_accepted_fixtures	4	0	0	not_assessed_in_current_definition_of_done_review	not_assessed_in_current_definition_of_done_review	NOT_ESTABLISHED	not_assessed_in_current_definition_of_done_review	pending_current_definition_of_done_line_by_line_review	false	Linguistic status and embedded runtime metadata currently agree.
PriorityMarkerClause	language	unsupported_generalization	unsupported_generalization	ALIGNED	unsupported_current_claim	runtime_referenced_without_accepted_fixtures	6	0	0	not_assessed_in_current_definition_of_done_review	not_assessed_in_current_definition_of_done_review	NOT_ESTABLISHED	not_assessed_in_current_definition_of_done_review	pending_current_definition_of_done_line_by_line_review	false	Linguistic status and embedded runtime metadata currently agree.
ProductiveVO	language	research_pending	research_pending	ALIGNED	not_assigned_research_pending	runtime_referenced_with_accepted_fixtures	44	20	19	not_assessed_in_current_definition_of_done_review	not_assessed_in_current_definition_of_done_review	NOT_ESTABLISHED	not_assessed_in_current_definition_of_done_review	pending_current_definition_of_done_line_by_line_review	false	Linguistic status and embedded runtime metadata currently agree.
ProgressiveDirectionalVP	language	unsupported_generalization	unsupported_generalization	ALIGNED	unsupported_current_claim	runtime_referenced_with_accepted_fixtures	1	1	1	not_assessed_in_current_definition_of_done_review	not_assessed_in_current_definition_of_done_review	NOT_ESTABLISHED	not_assessed_in_current_definition_of_done_review	pending_current_definition_of_done_line_by_line_review	false	Linguistic status and embedded runtime metadata currently agree.
ProgressivePlaceQuestion	language	unsupported_generalization	unsupported_generalization	ALIGNED	unsupported_current_claim	runtime_referenced_without_accepted_fixtures	3	0	0	not_assessed_in_current_definition_of_done_review	not_assessed_in_current_definition_of_done_review	NOT_ESTABLISHED	not_assessed_in_current_definition_of_done_review	pending_current_definition_of_done_line_by_line_review	false	Linguistic status and embedded runtime metadata currently agree.
ProgressivePurposeClause	language	unsupported_generalization	unsupported_generalization	ALIGNED	unsupported_current_claim	runtime_referenced_without_accepted_fixtures	5	0	0	not_assessed_in_current_definition_of_done_review	not_assessed_in_current_definition_of_done_review	NOT_ESTABLISHED	not_assessed_in_current_definition_of_done_review	pending_current_definition_of_done_line_by_line_review	false	Linguistic status and embedded runtime metadata currently agree.
ProgressiveTransitivePredicate	language	unsupported_generalization	unsupported_generalization	ALIGNED	unsupported_current_claim	runtime_referenced_without_accepted_fixtures	5	0	0	not_assessed_in_current_definition_of_done_review	not_assessed_in_current_definition_of_done_review	NOT_ESTABLISHED	not_assessed_in_current_definition_of_done_review	pending_current_definition_of_done_line_by_line_review	false	Linguistic status and embedded runtime metadata currently agree.
ProgressiveVP	language	research_pending	research_pending	ALIGNED	not_assigned_research_pending	runtime_referenced_with_accepted_fixtures	5	6	3	not_assessed_in_current_definition_of_done_review	not_assessed_in_current_definition_of_done_review	NOT_ESTABLISHED	not_assessed_in_current_definition_of_done_review	pending_current_definition_of_done_line_by_line_review	false	Linguistic status and embedded runtime metadata currently agree.
ProgressiveWhObjectQuestion	language	unsupported_generalization	unsupported_generalization	ALIGNED	unsupported_current_claim	runtime_referenced_with_accepted_fixtures	3	1	1	not_assessed_in_current_definition_of_done_review	not_assessed_in_current_definition_of_done_review	NOT_ESTABLISHED	not_assessed_in_current_definition_of_done_review	pending_current_definition_of_done_line_by_line_review	false	Linguistic status and embedded runtime metadata currently agree.
ProhibitiveImperative	language	research_pending	research_pending	ALIGNED	not_assigned_research_pending	runtime_referenced_with_accepted_fixtures	6	1	1	not_assessed_in_current_definition_of_done_review	not_assessed_in_current_definition_of_done_review	NOT_ESTABLISHED	not_assessed_in_current_definition_of_done_review	pending_current_definition_of_done_line_by_line_review	false	Linguistic status and embedded runtime metadata currently agree.
PurposePredicate	language	unsupported_generalization	unsupported_generalization	ALIGNED	unsupported_current_claim	runtime_referenced_without_accepted_fixtures	5	0	0	not_assessed_in_current_definition_of_done_review	not_assessed_in_current_definition_of_done_review	NOT_ESTABLISHED	not_assessed_in_current_definition_of_done_review	pending_current_definition_of_done_line_by_line_review	false	Linguistic status and embedded runtime metadata currently agree.
QuantifiedClassifierNP	language	research_pending	provisional	LEGACY_RUNTIME_METADATA_STALE	not_assigned_pending_reaudit	runtime_referenced_with_accepted_fixtures	22	23	12	not_assessed_in_current_definition_of_done_review	not_assessed_in_current_definition_of_done_review	NOT_ESTABLISHED	not_assessed_in_current_definition_of_done_review	pending_current_definition_of_done_line_by_line_review	false	Current governance status is authoritative; runtime metadata will be corrected in a future candidate without treating the change as parser evidence.
QuantifiedPersonNP	language	unsupported_generalization	unsupported_generalization	ALIGNED	unsupported_current_claim	runtime_referenced_with_accepted_fixtures	10	1	2	not_assessed_in_current_definition_of_done_review	not_assessed_in_current_definition_of_done_review	NOT_ESTABLISHED	not_assessed_in_current_definition_of_done_review	pending_current_definition_of_done_line_by_line_review	false	Linguistic status and embedded runtime metadata currently agree.
QuantifiedTimeNP	language	research_pending	research_pending	ALIGNED	not_assigned_research_pending	runtime_referenced_with_accepted_fixtures	10	13	7	not_assessed_in_current_definition_of_done_review	not_assessed_in_current_definition_of_done_review	NOT_ESTABLISHED	not_assessed_in_current_definition_of_done_review	pending_current_definition_of_done_line_by_line_review	false	Linguistic status and embedded runtime metadata currently agree.
QuantityNP	language	research_pending	provisional	LEGACY_RUNTIME_METADATA_STALE	not_assigned_pending_reaudit	runtime_referenced_with_accepted_fixtures	5	3	2	not_assessed_in_current_definition_of_done_review	not_assessed_in_current_definition_of_done_review	NOT_ESTABLISHED	not_assessed_in_current_definition_of_done_review	pending_current_definition_of_done_line_by_line_review	false	Current governance status is authoritative; runtime metadata will be corrected in a future candidate without treating the change as parser evidence.
ReduplicatedVP	language	research_pending	research_pending	ALIGNED	not_assigned_research_pending	runtime_referenced_with_accepted_fixtures	4	3	11	not_assessed_in_current_definition_of_done_review	not_assessed_in_current_definition_of_done_review	NOT_ESTABLISHED	not_assessed_in_current_definition_of_done_review	pending_current_definition_of_done_line_by_line_review	false	Linguistic status and embedded runtime metadata currently agree.
RelativeClauseNP	language	research_pending	research_pending	ALIGNED	not_assigned_research_pending	runtime_referenced_with_accepted_fixtures	6	3	1	not_assessed_in_current_definition_of_done_review	not_assessed_in_current_definition_of_done_review	NOT_ESTABLISHED	not_assessed_in_current_definition_of_done_review	pending_current_definition_of_done_line_by_line_review	false	Linguistic status and embedded runtime metadata currently agree.
RepetitiveComplementVP	language	unsupported_generalization	unsupported_generalization	ALIGNED	unsupported_current_claim	runtime_referenced_with_accepted_fixtures	4	3	1	not_assessed_in_current_definition_of_done_review	not_assessed_in_current_definition_of_done_review	NOT_ESTABLISHED	not_assessed_in_current_definition_of_done_review	pending_current_definition_of_done_line_by_line_review	false	Linguistic status and embedded runtime metadata currently agree.
ReportedSpeech	language	research_pending	provisional	LEGACY_RUNTIME_METADATA_STALE	not_assigned_pending_reaudit	runtime_referenced_with_accepted_fixtures	8	7	12	not_assessed_in_current_definition_of_done_review	not_assessed_in_current_definition_of_done_review	NOT_ESTABLISHED	not_assessed_in_current_definition_of_done_review	pending_current_definition_of_done_line_by_line_review	false	Current governance status is authoritative; runtime metadata will be corrected in a future candidate without treating the change as parser evidence.
ResourceUseLaiFunctionRelation	language	provisional_reaudit	supported_productive	LEGACY_RUNTIME_METADATA_STALE	not_assigned_pending_reaudit	accepted_runtime_behavior_v0.5.182;linguistic_status_withdrawn_for_reaudit	5	29	3	historical_focused_validation_record_retained	historical_render_pass_record_retained	PROSPECTIVE_8_OF_8_PASS_CONSUMED	historical_release_regression_pass_record_retained	pending_current_definition_of_done_line_by_line_review	false	Current governance status is authoritative; runtime metadata will be corrected in a future candidate without treating the change as parser evidence.
RestorativeComplementVP	language	unsupported_generalization	unsupported_generalization	ALIGNED	unsupported_current_claim	runtime_referenced_with_accepted_fixtures	3	1	1	not_assessed_in_current_definition_of_done_review	not_assessed_in_current_definition_of_done_review	NOT_ESTABLISHED	not_assessed_in_current_definition_of_done_review	pending_current_definition_of_done_line_by_line_review	false	Linguistic status and embedded runtime metadata currently agree.
ResultComplement	language	research_pending	research_pending	ALIGNED	not_assigned_research_pending	runtime_referenced_with_accepted_fixtures	5	1	1	not_assessed_in_current_definition_of_done_review	not_assessed_in_current_definition_of_done_review	NOT_ESTABLISHED	not_assessed_in_current_definition_of_done_review	pending_current_definition_of_done_line_by_line_review	false	Linguistic status and embedded runtime metadata currently agree.
ResultComplementVP	language	research_pending	research_pending	ALIGNED	not_assigned_research_pending	runtime_referenced_with_accepted_fixtures	8	3	1	not_assessed_in_current_definition_of_done_review	not_assessed_in_current_definition_of_done_review	NOT_ESTABLISHED	not_assessed_in_current_definition_of_done_review	pending_current_definition_of_done_line_by_line_review	false	Linguistic status and embedded runtime metadata currently agree.
ResultStateClause	language	unsupported_generalization	unsupported_generalization	ALIGNED	unsupported_current_claim	runtime_referenced_without_accepted_fixtures	3	0	0	not_assessed_in_current_definition_of_done_review	not_assessed_in_current_definition_of_done_review	NOT_ESTABLISHED	not_assessed_in_current_definition_of_done_review	pending_current_definition_of_done_line_by_line_review	false	Linguistic status and embedded runtime metadata currently agree.
ScalarEvaluation	language	unsupported_generalization	unsupported_generalization	ALIGNED	unsupported_current_claim	runtime_referenced_without_accepted_fixtures	9	0	0	not_assessed_in_current_definition_of_done_review	not_assessed_in_current_definition_of_done_review	NOT_ESTABLISHED	not_assessed_in_current_definition_of_done_review	pending_current_definition_of_done_line_by_line_review	false	Linguistic status and embedded runtime metadata currently agree.
ScalarRangeFragment	language	unsupported_generalization	unsupported_generalization	ALIGNED	unsupported_current_claim	runtime_referenced_without_accepted_fixtures	6	0	0	not_assessed_in_current_definition_of_done_review	not_assessed_in_current_definition_of_done_review	NOT_ESTABLISHED	not_assessed_in_current_definition_of_done_review	pending_current_definition_of_done_line_by_line_review	false	Linguistic status and embedded runtime metadata currently agree.
ScalarValueQuestion	language	unsupported_generalization	unsupported_generalization	ALIGNED	unsupported_current_claim	runtime_referenced_without_accepted_fixtures	11	0	0	not_assessed_in_current_definition_of_done_review	not_assessed_in_current_definition_of_done_review	NOT_ESTABLISHED	not_assessed_in_current_definition_of_done_review	pending_current_definition_of_done_line_by_line_review	false	Linguistic status and embedded runtime metadata currently agree.
SchedulingQuestion	language	unsupported_generalization	unsupported_generalization	ALIGNED	unsupported_current_claim	runtime_referenced_without_accepted_fixtures	4	0	0	not_assessed_in_current_definition_of_done_review	not_assessed_in_current_definition_of_done_review	NOT_ESTABLISHED	not_assessed_in_current_definition_of_done_review	pending_current_definition_of_done_line_by_line_review	false	Linguistic status and embedded runtime metadata currently agree.
SeemingPerfectiveResultClause	language	unsupported_generalization	unsupported_generalization	ALIGNED	unsupported_current_claim	runtime_referenced_without_accepted_fixtures	4	0	0	not_assessed_in_current_definition_of_done_review	not_assessed_in_current_definition_of_done_review	NOT_ESTABLISHED	not_assessed_in_current_definition_of_done_review	pending_current_definition_of_done_line_by_line_review	false	Linguistic status and embedded runtime metadata currently agree.
SerialVerbPurposeChain	language	research_pending	research_pending	ALIGNED	not_assigned_research_pending	runtime_referenced_with_accepted_fixtures	23	5	1	not_assessed_in_current_definition_of_done_review	not_assessed_in_current_definition_of_done_review	NOT_ESTABLISHED	not_assessed_in_current_definition_of_done_review	pending_current_definition_of_done_line_by_line_review	false	Linguistic status and embedded runtime metadata currently agree.
SourceMotionClause	language	unsupported_generalization	unsupported_generalization	ALIGNED	unsupported_current_claim	runtime_referenced_with_accepted_fixtures	7	4	1	not_assessed_in_current_definition_of_done_review	not_assessed_in_current_definition_of_done_review	NOT_ESTABLISHED	not_assessed_in_current_definition_of_done_review	pending_current_definition_of_done_line_by_line_review	false	Linguistic status and embedded runtime metadata currently agree.
SpeechTransferClause	language	unsupported_generalization	unsupported_generalization	ALIGNED	unsupported_current_claim	runtime_referenced_without_accepted_fixtures	2	0	0	not_assessed_in_current_definition_of_done_review	not_assessed_in_current_definition_of_done_review	NOT_ESTABLISHED	not_assessed_in_current_definition_of_done_review	pending_current_definition_of_done_line_by_line_review	false	Linguistic status and embedded runtime metadata currently agree.
StativeNominalComplement	language	research_pending	research_pending	ALIGNED	not_assigned_research_pending	runtime_referenced_with_accepted_fixtures	7	1	1	not_assessed_in_current_definition_of_done_review	not_assessed_in_current_definition_of_done_review	NOT_ESTABLISHED	not_assessed_in_current_definition_of_done_review	pending_current_definition_of_done_line_by_line_review	false	Linguistic status and embedded runtime metadata currently agree.
StativePredicate	language	unsupported_generalization	unsupported_generalization	ALIGNED	unsupported_current_claim	runtime_referenced_with_accepted_fixtures	14	6	9	not_assessed_in_current_definition_of_done_review	not_assessed_in_current_definition_of_done_review	NOT_ESTABLISHED	not_assessed_in_current_definition_of_done_review	pending_current_definition_of_done_line_by_line_review	false	Linguistic status and embedded runtime metadata currently agree.
SuggestionQuestion	language	unsupported_generalization	unsupported_generalization	ALIGNED	unsupported_current_claim	runtime_referenced_without_accepted_fixtures	3	0	0	not_assessed_in_current_definition_of_done_review	not_assessed_in_current_definition_of_done_review	NOT_ESTABLISHED	not_assessed_in_current_definition_of_done_review	pending_current_definition_of_done_line_by_line_review	false	Linguistic status and embedded runtime metadata currently agree.
TemporalAdverbialClause	language	unsupported_generalization	unsupported_generalization	ALIGNED	unsupported_current_claim	runtime_referenced_without_accepted_fixtures	1	0	0	not_assessed_in_current_definition_of_done_review	not_assessed_in_current_definition_of_done_review	NOT_ESTABLISHED	not_assessed_in_current_definition_of_done_review	pending_current_definition_of_done_line_by_line_review	false	Linguistic status and embedded runtime metadata currently agree.
TemporalClause	language	research_pending	provisional	LEGACY_RUNTIME_METADATA_STALE	not_assigned_pending_reaudit	runtime_referenced_with_accepted_fixtures	9	6	4	not_assessed_in_current_definition_of_done_review	not_assessed_in_current_definition_of_done_review	NOT_ESTABLISHED	not_assessed_in_current_definition_of_done_review	pending_current_definition_of_done_line_by_line_review	false	Current governance status is authoritative; runtime metadata will be corrected in a future candidate without treating the change as parser evidence.
TimeNP	language	research_pending	research_pending	ALIGNED	not_assigned_research_pending	runtime_referenced_with_accepted_fixtures	4	1	1	not_assessed_in_current_definition_of_done_review	not_assessed_in_current_definition_of_done_review	NOT_ESTABLISHED	not_assessed_in_current_definition_of_done_review	pending_current_definition_of_done_line_by_line_review	false	Linguistic status and embedded runtime metadata currently agree.
TimeToActionFrame	language	unsupported_generalization	unsupported_generalization	ALIGNED	unsupported_current_claim	runtime_referenced_without_accepted_fixtures	5	0	0	not_assessed_in_current_definition_of_done_review	not_assessed_in_current_definition_of_done_review	NOT_ESTABLISHED	not_assessed_in_current_definition_of_done_review	pending_current_definition_of_done_line_by_line_review	false	Linguistic status and embedded runtime metadata currently agree.
Topic	internal	parser_heuristic	parser_heuristic	ALIGNED	not_applicable_internal	runtime_referenced_without_accepted_fixtures	21	0	0	not_assessed_in_current_definition_of_done_review	not_assessed_in_current_definition_of_done_review	NOT_ESTABLISHED	not_assessed_in_current_definition_of_done_review	not_applicable_or_internal	false	Linguistic status and embedded runtime metadata currently agree.
TopicComment	internal	parser_heuristic	parser_heuristic	ALIGNED	not_applicable_internal	runtime_referenced_with_accepted_fixtures	10	1	1	not_assessed_in_current_definition_of_done_review	not_assessed_in_current_definition_of_done_review	NOT_ESTABLISHED	not_assessed_in_current_definition_of_done_review	not_applicable_or_internal	false	Linguistic status and embedded runtime metadata currently agree.
TopicCommentClause	internal	parser_heuristic	parser_heuristic	ALIGNED	not_applicable_internal	no_runtime_reference_or_accepted_fixture	0	0	0	not_assessed_in_current_definition_of_done_review	not_assessed_in_current_definition_of_done_review	NOT_ESTABLISHED	not_assessed_in_current_definition_of_done_review	not_applicable_or_internal	false	Linguistic status and embedded runtime metadata currently agree.
TransformationResultFrame	language	unsupported_generalization	unsupported_generalization	ALIGNED	unsupported_current_claim	runtime_referenced_without_accepted_fixtures	4	0	0	not_assessed_in_current_definition_of_done_review	not_assessed_in_current_definition_of_done_review	NOT_ESTABLISHED	not_assessed_in_current_definition_of_done_review	pending_current_definition_of_done_line_by_line_review	false	Linguistic status and embedded runtime metadata currently agree.
TransformationResultPredicate	language	unsupported_generalization	unsupported_generalization	ALIGNED	unsupported_current_claim	runtime_referenced_without_accepted_fixtures	4	0	0	not_assessed_in_current_definition_of_done_review	not_assessed_in_current_definition_of_done_review	NOT_ESTABLISHED	not_assessed_in_current_definition_of_done_review	pending_current_definition_of_done_line_by_line_review	false	Linguistic status and embedded runtime metadata currently agree.
TransitiveVP	language	research_pending	provisional	LEGACY_RUNTIME_METADATA_STALE	not_assigned_pending_reaudit	runtime_referenced_with_accepted_fixtures	34	30	20	not_assessed_in_current_definition_of_done_review	not_assessed_in_current_definition_of_done_review	NOT_ESTABLISHED	not_assessed_in_current_definition_of_done_review	pending_current_definition_of_done_line_by_line_review	false	Current governance status is authoritative; runtime metadata will be corrected in a future candidate without treating the change as parser evidence.
VPComplementFrame	internal	parser_heuristic	parser_heuristic	ALIGNED	not_applicable_internal	runtime_referenced_without_accepted_fixtures	13	0	0	not_assessed_in_current_definition_of_done_review	not_assessed_in_current_definition_of_done_review	NOT_ESTABLISHED	not_assessed_in_current_definition_of_done_review	not_applicable_or_internal	false	Linguistic status and embedded runtime metadata currently agree.
VerbComplementVP	language	research_pending	provisional	LEGACY_RUNTIME_METADATA_STALE	not_assigned_pending_reaudit	runtime_referenced_with_accepted_fixtures	15	9	8	not_assessed_in_current_definition_of_done_review	not_assessed_in_current_definition_of_done_review	NOT_ESTABLISHED	not_assessed_in_current_definition_of_done_review	pending_current_definition_of_done_line_by_line_review	false	Current governance status is authoritative; runtime metadata will be corrected in a future candidate without treating the change as parser evidence.
VocativeAddressTerm	language	lexicalized_only	lexicalized_only	ALIGNED	bounded_nonproductive_status	runtime_referenced_without_accepted_fixtures	7	0	0	not_assessed_in_current_definition_of_done_review	not_assessed_in_current_definition_of_done_review	NOT_ESTABLISHED	not_assessed_in_current_definition_of_done_review	pending_current_definition_of_done_line_by_line_review	false	Linguistic status and embedded runtime metadata currently agree.
WhClassifierQuestion	language	unsupported_generalization	unsupported_generalization	ALIGNED	unsupported_current_claim	runtime_referenced_with_accepted_fixtures	4	3	2	not_assessed_in_current_definition_of_done_review	not_assessed_in_current_definition_of_done_review	NOT_ESTABLISHED	not_assessed_in_current_definition_of_done_review	pending_current_definition_of_done_line_by_line_review	false	Linguistic status and embedded runtime metadata currently agree.
