runtime_label	canonical_family_id	canonical_family	target_action	target_node_or_family	accepted_tree_occurrence_count	runtime_code_reference_count	assigned_work_package	evaluation_packet_id	implementation_status	intended_semantic_change	compatibility_alias_required	held_out_state	source_boundary
SubjectPredicateClause	I01	ClauseSpan	RETAIN_INTERNAL	ClauseSpan	120	81	CP022-I1A_INTERNAL_WRAPPER_CLEANUP	EP-R36-I01	NOT_AUTHORIZED	NONE_STRUCTURAL_MIGRATION_ONLY	CASE_BY_CASE	NOT_SELECTED_NOT_OPENED	Keep as transparent clause-span structure only; preserve the typed predicate child and prevent the broad wrapper from licensing valency, word order, omission, or predicate subtype.
NeedsContext	I08	ParserDiagnosticDisposition	DIAGNOSTIC_ONLY	ParserDiagnosticDisposition	73	39	CP022-I1A_INTERNAL_WRAPPER_CLEANUP	EP-R36-I08	NOT_AUTHORIZED	NONE_STRUCTURAL_MIGRATION_ONLY	CASE_BY_CASE	NOT_SELECTED_NOT_OPENED	Retain as a disposition only; require explicit reason codes, missing slots, antecedent status, and candidate analyses. Never treat it as a linguistic construction.
ClauseRelationMember	I02	ClauseRelationGraph	RETAIN_INTERNAL	ClauseRelationGraph	57	9	CP022-I1A_INTERNAL_WRAPPER_CLEANUP	EP-R36-I02	NOT_AUTHORIZED	NONE_STRUCTURAL_MIGRATION_ONLY	CASE_BY_CASE	NOT_SELECTED_NOT_OPENED	Keep internal and non-learner-facing; inherit all semantic status from the parent relation or context diagnostic.
ClauseLinkingSequence	I02	ClauseRelationGraph	RETAIN_INTERNAL	ClauseRelationGraph	47	36	CP022-I1A_INTERNAL_WRAPPER_CLEANUP	EP-R36-I02	NOT_AUTHORIZED	NONE_STRUCTURAL_MIGRATION_ONLY	CASE_BY_CASE	NOT_SELECTED_NOT_OPENED	Keep as an internal wrapper; do not assign conditional, causal, temporal, sequential, concessive, or topic-chain meaning from the wrapper name alone.
HeadNP	I04	NominalAndMeasureSpan	RENAME_INTERNAL	NominalAndMeasureSpan	31	35	CP022-I1A_INTERNAL_WRAPPER_CLEANUP	EP-R37-I04	NOT_AUTHORIZED	NONE_STRUCTURAL_MIGRATION_ONLY	YES	SELECTED_HASHED_LOCKED	Rename to a neutral nominal-span wrapper; do not let it independently license argument status, definiteness, ellipsis, or standalone utterance use.
ClauseRelation	I02	ClauseRelationGraph	RETAIN_INTERNAL	ClauseRelationGraph	27	21	CP022-I1A_INTERNAL_WRAPPER_CLEANUP	EP-R36-I02	NOT_AUTHORIZED	NONE_STRUCTURAL_MIGRATION_ONLY	CASE_BY_CASE	NOT_SELECTED_NOT_OPENED	Keep the container, but require every relation subtype and linker interpretation to inherit an independently mapped language claim and negative boundary.
DiscourseParticleFrame	I03	ParticleScope	RENAME_INTERNAL	ParticleScope	19	33	CP022-I1A_INTERNAL_WRAPPER_CLEANUP	EP-R36-I03	NOT_AUTHORIZED	NONE_STRUCTURAL_MIGRATION_ONLY	YES	NOT_SELECTED_NOT_OPENED	Retain only as an internal particle-scope wrapper; rename away from a standalone construction claim and require each particle/cluster subtype to inherit mapped evidence.
MalformedCandidate	I08	ParserDiagnosticDisposition	DIAGNOSTIC_ONLY	ParserDiagnosticDisposition	15	20	CP022-I1A_INTERNAL_WRAPPER_CLEANUP	EP-R36-I08	NOT_AUTHORIZED	NONE_STRUCTURAL_MIGRATION_ONLY	CASE_BY_CASE	NOT_SELECTED_NOT_OPENED	Retain only with enumerated conflict codes and neutral wording; never equate MalformedCandidate with ungrammatical Cantonese.
MeasureExpression	I04	NominalAndMeasureSpan	RETAIN_INTERNAL	NominalAndMeasureSpan	12	11	CP022-I1A_INTERNAL_WRAPPER_CLEANUP	EP-R37-I04	NOT_AUTHORIZED	NONE_STRUCTURAL_MIGRATION_ONLY	CASE_BY_CASE	SELECTED_HASHED_LOCKED	Keep as an overt span container; inherit age, price, area, and length licensing from mapped nominal-predication subtypes.
FocusParticleFrame	I03	ParticleScope	RENAME_INTERNAL	ParticleScope	8	17	CP022-I1A_INTERNAL_WRAPPER_CLEANUP	EP-R36-I03	NOT_AUTHORIZED	NONE_STRUCTURAL_MIGRATION_ONLY	YES	NOT_SELECTED_NOT_OPENED	Retain as internal scope/coverage structure only; require an overt licensed host and independently mapped restrictive-particle subtype.
PolarQuestionFrame	I03	ParticleScope	RENAME_INTERNAL	ParticleScope	6	19	CP022-I1A_INTERNAL_WRAPPER_CLEANUP	EP-R36-I03	NOT_AUTHORIZED	NONE_STRUCTURAL_MIGRATION_ONLY	YES	NOT_SELECTED_NOT_OPENED	Retain only as an internal question-scope wrapper; each final-particle profile must inherit mapped language evidence and competing-analysis notes.
CopularIdentificationFrame	I06	CopularComposition	MERGE_INTERNAL_WRAPPER	CopularComposition	2	13	CP022-I1A_INTERNAL_WRAPPER_CLEANUP	EP-R36-I06	NOT_AUTHORIZED	NONE_STRUCTURAL_MIGRATION_ONLY	YES	NOT_SELECTED_NOT_OPENED	Consolidate with a canonical copular-clause design; if the identification subtype survives, move its licensing claim to the language layer and source it explicitly.
CopularRelationFrame	I06	CopularComposition	MERGE_INTERNAL_WRAPPER	CopularComposition	1	19	CP022-I1A_INTERNAL_WRAPPER_CLEANUP	EP-R36-I06	NOT_AUTHORIZED	NONE_STRUCTURAL_MIGRATION_ONLY	YES	NOT_SELECTED_NOT_OPENED	Merge into canonical copular composition; preserve complement type and stance embedding as metadata rather than a parallel frame ontology.
SubjectModalPredicateClause	I01	ClauseSpan	MERGE_INTERNAL_WRAPPER	SubjectPredicateClause	1	13	CP022-I1A_INTERNAL_WRAPPER_CLEANUP	EP-R36-I01	NOT_AUTHORIZED	NONE_STRUCTURAL_MIGRATION_ONLY	YES	NOT_SELECTED_NOT_OPENED	Merge into generic clause composition while preserving the subject and ModalVP children; do not maintain a separate construction family.
Comment	I05	DiscourseRoleStructure	MERGE_INTERNAL_WRAPPER	TopicComment	0	7	CP022-I1A_INTERNAL_WRAPPER_CLEANUP	EP-R36-I05	NOT_AUTHORIZED	NONE_STRUCTURAL_MIGRATION_ONLY	YES	NOT_SELECTED_NOT_OPENED	Remove as an active construction during remediation; preserve comment as a slot/role on the underlying predicate.
CoordinatedSubjectModalPredicateClause	I01	ClauseSpan	MERGE_INTERNAL_WRAPPER	SubjectPredicateClause	0	11	CP022-I1A_INTERNAL_WRAPPER_CLEANUP	EP-R36-I01	NOT_AUTHORIZED	NONE_STRUCTURAL_MIGRATION_ONLY	YES	NOT_SELECTED_NOT_OPENED	Decompose into a sourced coordinated NP plus ordinary modal/clause structure; retire the combined label.
DefinitionComplement	I04	NominalAndMeasureSpan	RETAIN_INTERNAL	NominalAndMeasureSpan	0	8	CP022-I1A_INTERNAL_WRAPPER_CLEANUP	EP-R37-I04	NOT_AUTHORIZED	NONE_STRUCTURAL_MIGRATION_ONLY	CASE_BY_CASE	SELECTED_HASHED_LOCKED	Keep only as an internal child span; it may not independently license a definition reading or convert arbitrary text into an NP.
DemonstrativeHeadNP	L17	DemonstrativeNP	RETIRE	DemonstrativeNP	0	8	CP022-I1A_INTERNAL_WRAPPER_CLEANUP	EP-R36-L17	NOT_AUTHORIZED	NONE_STRUCTURAL_MIGRATION_ONLY	YES	NOT_SELECTED_NOT_OPENED	Retire the current template/example mismatch; route 呢個蘋果-type forms through demonstrative+classifier+noun analysis.
DirectionalCausedMotionVP	L33	DirectionalMotion	RETIRE	DirectionalMotion caused-motion subtype	0	6	CP022-I1A_INTERNAL_WRAPPER_CLEANUP	EP-R36-L33	NOT_AUTHORIZED	NONE_STRUCTURAL_MIGRATION_ONLY	YES	NOT_SELECTED_NOT_OPENED	Merge or retire the dormant label; represent sourced causative directional compounds only through independently typed caused-motion/result and directional relations, preserving the causative-versus-directional boundary.
LocativeModalPredicateClause	I01	ClauseSpan	MERGE_INTERNAL_WRAPPER	SubjectPredicateClause	0	12	CP022-I1A_INTERNAL_WRAPPER_CLEANUP	EP-R36-I01	NOT_AUTHORIZED	NONE_STRUCTURAL_MIGRATION_ONLY	YES	NOT_SELECTED_NOT_OPENED	Merge into generic clause composition with a locative modifier and visible ModalVP; retire the combined label.
ModifierPhrase	I04	NominalAndMeasureSpan	MERGE_INTERNAL_WRAPPER	ModifiedNP	0	7	CP022-I1A_INTERNAL_WRAPPER_CLEANUP	EP-R37-I04	NOT_AUTHORIZED	NONE_STRUCTURAL_MIGRATION_ONLY	YES	SELECTED_HASHED_LOCKED	Merge the child span into a canonical ModifiedNP/relative-modifier analysis and retire the public construction label.
Topic	I05	DiscourseRoleStructure	RENAME_INTERNAL	DiscourseRoleStructure	0	49	CP022-I1A_INTERNAL_WRAPPER_CLEANUP	EP-R36-I05	NOT_AUTHORIZED	NONE_STRUCTURAL_MIGRATION_ONLY	YES	NOT_SELECTED_NOT_OPENED	Rename or document as an internal discourse-role wrapper; require independent evidence before asserting syntactic topic status, chains, gaps, or null-object linkage.
TopicCommentClause	I05	DiscourseRoleStructure	RETIRE	DiscourseRoleStructure	0	6	CP022-I1A_INTERNAL_WRAPPER_CLEANUP	EP-R36-I05	NOT_AUTHORIZED	NONE_STRUCTURAL_MIGRATION_ONLY	YES	NOT_SELECTED_NOT_OPENED	Retire from the active registry and preserve any historical references as an alias to the canonical disposition.
TopicModalPredicateClause	I01	ClauseSpan	MERGE_INTERNAL_WRAPPER	SubjectPredicateClause	0	10	CP022-I1A_INTERNAL_WRAPPER_CLEANUP	EP-R36-I01	NOT_AUTHORIZED	NONE_STRUCTURAL_MIGRATION_ONLY	YES	NOT_SELECTED_NOT_OPENED	Merge into generic clause composition; keep any topic analysis and modal semantics separately evidenced.
NegatedDirectionalMotionVP	L26	Negation	MERGE_TRANSPARENT_COMPOSITION	Negation + DirectionalMotionVP	10	12	CP022-I1B_TRANSPARENT_WRAPPER_CLEANUP	EP-R36-L26	NOT_AUTHORIZED	NONE_STRUCTURAL_MIGRATION_ONLY	YES	NOT_SELECTED_NOT_OPENED	Treat ordinary directional negation as general VP negation and keep postverbal potential V-唔-directional as a separate construction.
LocativeExistentialClause	L39	ExistentialAndPresentationalClauses	MERGE_TRANSPARENT_COMPOSITION	ExistentialAndPresentationalClauses	6	15	CP022-I1B_TRANSPARENT_WRAPPER_CLEANUP	EP-R36-L39	NOT_AUTHORIZED	NONE_STRUCTURAL_MIGRATION_ONLY	YES	NOT_SELECTED_NOT_OPENED	Retire or replace the dormant mismatched template; retain only overt location-domain + 有/冇 + NP as the source-linked target for future authorized remediation.
ActionStativeVP	L42	StativePredication	MERGE_TRANSPARENT_COMPOSITION	typed predicate + quantity/duration complement	3	11	CP022-I1B_TRANSPARENT_WRAPPER_CLEANUP	EP-R36-L42	NOT_AUTHORIZED	NONE_STRUCTURAL_MIGRATION_ONLY	YES	NOT_SELECTED_NOT_OPENED	Preserve the R29 source boundaries; any merge, split, retirement, or runtime change requires a separately authorized implementation and validation event.
PerfectiveDirectionalVP	L13	AspectDirectionalComposition	MERGE_TRANSPARENT_COMPOSITION	PerfectiveVP + DirectionalMotion	2	8	CP022-I1B_TRANSPARENT_WRAPPER_CLEANUP	EP-R36-L13	NOT_AUTHORIZED	NONE_STRUCTURAL_MIGRATION_ONLY	YES	NOT_SELECTED_NOT_OPENED	Preserve frozen behavior; apply R24 directional-aspect composition, wrapper transparency, negator-type, not-yet, and question/statement boundaries before implementation.
ExperientialClause	L07	ExperientialAspect	MERGE_TRANSPARENT_COMPOSITION	ExperientialVP	1	8	CP022-I1B_TRANSPARENT_WRAPPER_CLEANUP	EP-R36-L07	NOT_AUTHORIZED	NONE_STRUCTURAL_MIGRATION_ONLY	YES	NOT_SELECTED_NOT_OPENED	Preserve frozen behavior; apply R24 directional-aspect composition, wrapper transparency, negator-type, not-yet, and question/statement boundaries before implementation.
ProgressiveDirectionalVP	L13	AspectDirectionalComposition	MERGE_TRANSPARENT_COMPOSITION	ProgressiveVP + DirectionalMotion	1	8	CP022-I1B_TRANSPARENT_WRAPPER_CLEANUP	EP-R36-L13	NOT_AUTHORIZED	NONE_STRUCTURAL_MIGRATION_ONLY	YES	NOT_SELECTED_NOT_OPENED	Realign around independently licensed motion structure; keep the exact 行緊入/出嚟/去 fallback quarantined.
ProgressiveWhObjectQuestion	L25	TypedWhAndStanceQuestions	MERGE_TRANSPARENT_COMPOSITION	ProgressiveVP + typed wh object question	1	13	CP022-I1B_TRANSPARENT_WRAPPER_CLEANUP	EP-R36-L25	NOT_AUTHORIZED	NONE_STRUCTURAL_MIGRATION_ONLY	YES	NOT_SELECTED_NOT_OPENED	Compose progressive aspect with ordinary wh-in-situ object syntax; merge or retire the special node.
AdjectivalPredicateClause	L42	StativePredication	MERGE_TRANSPARENT_COMPOSITION	StativePredicate subtype	0	6	CP022-I1B_TRANSPARENT_WRAPPER_CLEANUP	EP-R36-L42	NOT_AUTHORIZED	NONE_STRUCTURAL_MIGRATION_ONLY	YES	NOT_SELECTED_NOT_OPENED	Merge with a theory-neutral SubjectPredicateClause property/stative subtype or retire the dormant duplicate; do not activate a broad bare-adjective template.
CausativeResultFrame	L15	ResultativeAndChangePredication	MERGE_TRANSPARENT_COMPOSITION	CausativeResultPredicate	0	10	CP022-I1B_TRANSPARENT_WRAPPER_CLEANUP	EP-R36-L15	NOT_AUTHORIZED	NONE_STRUCTURAL_MIGRATION_ONLY	YES	NOT_SELECTED_NOT_OPENED	Retain broad CRC linkage but narrow the exact 整冧咗 frame by lexeme, argument structure, speaker/register evidence, and negative boundaries.
ComparativeStative	L43	ScalarComparisonAndEvaluation	MERGE_TRANSPARENT_COMPOSITION	ScalarComparisonAndEvaluation	0	7	CP022-I1B_TRANSPARENT_WRAPPER_CLEANUP	EP-R36-L43	NOT_AUTHORIZED	NONE_STRUCTURAL_MIGRATION_ONLY	YES	NOT_SELECTED_NOT_OPENED	Preserve the R29 source boundaries; any merge, split, retirement, or runtime change requires a separately authorized implementation and validation event.
DisposalChangeIntoResultFrame	L15	ResultativeAndChangePredication	MERGE_TRANSPARENT_COMPOSITION	ordinary disposal/modal/change composition	0	10	CP022-I1B_TRANSPARENT_WRAPPER_CLEANUP	EP-R36-L15	NOT_AUTHORIZED	NONE_STRUCTURAL_MIGRATION_ONLY	YES	NOT_SELECTED_NOT_OPENED	Merge/retire as modal/disposal/object/change composition; directly source the combined template before preserving a dedicated frame.
EvaluationWithDouSyun	L43	ScalarComparisonAndEvaluation	MERGE_TRANSPARENT_COMPOSITION	ScalarEvaluation lexical subtype	0	8	CP022-I1B_TRANSPARENT_WRAPPER_CLEANUP	EP-R36-L43	NOT_AUTHORIZED	NONE_STRUCTURAL_MIGRATION_ONLY	YES	NOT_SELECTED_NOT_OPENED	Preserve the R29 source boundaries; any merge, split, retirement, or runtime change requires a separately authorized implementation and validation event.
ModalChangeIntoResultFrame	L15	ResultativeAndChangePredication	MERGE_TRANSPARENT_COMPOSITION	ordinary modal/change composition	0	10	CP022-I1B_TRANSPARENT_WRAPPER_CLEANUP	EP-R36-L15	NOT_AUTHORIZED	NONE_STRUCTURAL_MIGRATION_ONLY	YES	NOT_SELECTED_NOT_OPENED	Merge/retire as transparent modal + lexical change-predicate composition unless independent wrapper behavior is found.
ModalResponseFragment	L05	FragmentsAndEllipsis	MERGE_TRANSPARENT_COMPOSITION	FragmentsAndEllipsis	0	7	CP022-I1B_TRANSPARENT_WRAPPER_CLEANUP	EP-R36-L05	NOT_AUTHORIZED	NONE_STRUCTURAL_MIGRATION_ONLY	YES	NOT_SELECTED_NOT_OPENED	Merge into lexical ModalVP/Auxiliary structure plus selectively licensed complement ellipsis and a separate response relation; retire the dormant duplicate.
NegativeHaveClause	L26	Negation	MERGE_TRANSPARENT_COMPOSITION	negated possession/existence/event subtype	0	6	CP022-I1B_TRANSPARENT_WRAPPER_CLEANUP	EP-R36-L26	NOT_AUTHORIZED	NONE_STRUCTURAL_MIGRATION_ONLY	YES	NOT_SELECTED_NOT_OPENED	Preserve R30 marker, complement, scope, and exact-gap boundaries; any merge, split, retirement, or runtime change requires a separately authorized implementation and validation event.
NominalModifierNP	L19	NominalModificationAndRelatives	MERGE_TRANSPARENT_COMPOSITION	NominalModificationAndRelatives	0	6	CP022-I1B_TRANSPARENT_WRAPPER_CLEANUP	EP-R36-L19	NOT_AUTHORIZED	NONE_STRUCTURAL_MIGRATION_ONLY	YES	NOT_SELECTED_NOT_OPENED	Merge or retire the dormant duplicate; preserve bare, 嘅-marked, classifier-linked, relative, and nominal-complement subtypes in their existing sourced nodes.
PerfectiveResultPredicate	L15	ResultativeAndChangePredication	MERGE_TRANSPARENT_COMPOSITION	lexical predicate + PerfectiveVP	0	9	CP022-I1B_TRANSPARENT_WRAPPER_CLEANUP	EP-R36-L15	NOT_AUTHORIZED	NONE_STRUCTURAL_MIGRATION_ONLY	YES	NOT_SELECTED_NOT_OPENED	Merge/retire controlled 解決咗 wrapper in favor of lexical predicate + perfective aspect, subject to regression review.
PossessiveNP	L20	PossessiveNominals	MERGE_TRANSPARENT_COMPOSITION	PossessiveNominals	0	6	CP022-I1B_TRANSPARENT_WRAPPER_CLEANUP	EP-R36-L20	NOT_AUTHORIZED	NONE_STRUCTURAL_MIGRATION_ONLY	YES	NOT_SELECTED_NOT_OPENED	Merge or retire the dormant umbrella; preserve possessor+嘅, possessor+classifier, and headless possessive subtypes without inserting a silent noun.
PossessiveNominalFragment	L05	FragmentsAndEllipsis	MERGE_TRANSPARENT_COMPOSITION	PossessiveNominals + FragmentsAndEllipsis	0	7	CP022-I1B_TRANSPARENT_WRAPPER_CLEANUP	EP-R36-L05	NOT_AUTHORIZED	NONE_STRUCTURAL_MIGRATION_ONLY	YES	NOT_SELECTED_NOT_OPENED	Merge into headless modifier-嘅 nominal and nominal-predicate structures or retire the dormant duplicate.
PossessiveTransferClause	L20	PossessiveNominals	MERGE_TRANSPARENT_COMPOSITION	Possessive NP + modal/transfer clause composition	0	11	CP022-I1B_TRANSPARENT_WRAPPER_CLEANUP	EP-R36-L20	NOT_AUTHORIZED	NONE_STRUCTURAL_MIGRATION_ONLY	YES	NOT_SELECTED_NOT_OPENED	Decompose into independently parsed possession, modal, transfer, object, and recipient material; quarantine the exact combined seven-slot template pending direct evidence.
ProgressivePlaceQuestion	L25	TypedWhAndStanceQuestions	MERGE_TRANSPARENT_COMPOSITION	ProgressiveVP + LocativeWhQuestion	0	9	CP022-I1B_TRANSPARENT_WRAPPER_CLEANUP	EP-R36-L25	NOT_AUTHORIZED	NONE_STRUCTURAL_MIGRATION_ONLY	YES	NOT_SELECTED_NOT_OPENED	Compose progressive aspect with ordinary locative-wh syntax; merge or retire the special node.
ProgressivePurposeClause	L35	PurposeSerialRelations	MERGE_TRANSPARENT_COMPOSITION	ProgressiveVP + PurposeSerialRelation	0	12	CP022-I1B_TRANSPARENT_WRAPPER_CLEANUP	EP-R36-L35	NOT_AUTHORIZED	NONE_STRUCTURAL_MIGRATION_ONLY	YES	NOT_SELECTED_NOT_OPENED	Quarantine the exact unlinked 喺度+V緊O+VO template; compose progressive aspect with a separately evidenced serial/purpose relation instead.
ProgressiveTransitivePredicate	L08	ProgressiveAspect	MERGE_TRANSPARENT_COMPOSITION	ProgressiveVP	0	11	CP022-I1B_TRANSPARENT_WRAPPER_CLEANUP	EP-R36-L08	NOT_AUTHORIZED	NONE_STRUCTURAL_MIGRATION_ONLY	YES	NOT_SELECTED_NOT_OPENED	Merge or retire the duplicate internal label while preserving V緊O spans and purpose-clause provenance.
ProhibitiveFragment	L05	FragmentsAndEllipsis	MERGE_TRANSPARENT_COMPOSITION	ProhibitiveImperative / formulaic response	0	7	CP022-I1B_TRANSPARENT_WRAPPER_CLEANUP	EP-R36-L05	NOT_AUTHORIZED	NONE_STRUCTURAL_MIGRATION_ONLY	YES	NOT_SELECTED_NOT_OPENED	Merge into ProhibitiveImperative plus lexical-formula protection or retire the dormant duplicate; preserve 咪/唔好 distinctions.
PurposePredicate	L35	PurposeSerialRelations	MERGE_TRANSPARENT_COMPOSITION	PurposeSerialRelation child role	0	11	CP022-I1B_TRANSPARENT_WRAPPER_CLEANUP	EP-R36-L35	NOT_AUTHORIZED	NONE_STRUCTURAL_MIGRATION_ONLY	YES	NOT_SELECTED_NOT_OPENED	Merge into ordinary VP plus parent relation or retain only as a non-language internal child; never assign purpose from V+O form alone.
SpeechTransferClause	L32	SpeechReportingAndCommunicationEffect	MERGE_TRANSPARENT_COMPOSITION	DitransitiveSpeechVP / communication-effect relation	0	8	CP022-I1B_TRANSPARENT_WRAPPER_CLEANUP	EP-R36-L32	NOT_AUTHORIZED	NONE_STRUCTURAL_MIGRATION_ONLY	YES	NOT_SELECTED_NOT_OPENED	Merge or retire the transparent outer wrapper while preserving the sourced inner communication sequence.
TransformationResultFrame	L15	ResultativeAndChangePredication	MERGE_TRANSPARENT_COMPOSITION	TransformationResultPredicate or ordinary clause composition	0	10	CP022-I1B_TRANSPARENT_WRAPPER_CLEANUP	EP-R36-L15	NOT_AUTHORIZED	NONE_STRUCTURAL_MIGRATION_ONLY	YES	NOT_SELECTED_NOT_OPENED	Review for dependency-aware retirement as a transparent topic wrapper; preserve child exact-form gap.
PerfectiveVP	L06	PerfectiveAspect	RETAIN_OR_SPLIT_NARROW_SUBTYPE	PerfectiveAspect	43	34	CP022-I2A_PARTICLE_QUESTION_NEGATION_NARROWING	EP-R36-L06	NOT_AUTHORIZED	NARROW_OR_REALIGN_ONLY_AS_PACKET_SPECIFIES	CASE_BY_CASE	NOT_SELECTED_NOT_OPENED	Preserve overt simple V-咗-O and V完咗O evidence, but split simple overt-object, overtly objectless, perfective-over-inner-result, placement, and motion-goal profiles before any implementation; never fabricate omitted arguments.
FormulaDiscourseUnit	L04	FormulaicDiscourse	RETAIN_LEXICALIZED_PROFILE	FormulaicDiscourse	32	33	CP022-I2A_PARTICLE_QUESTION_NEGATION_NARROWING	EP-R36-L04	NOT_AUTHORIZED	NARROW_OR_REALIGN_ONLY_AS_PACKET_SPECIFIES	CASE_BY_CASE	NOT_SELECTED_NOT_OPENED	Split individually sourced lexical formulae, response-particle 係, repetition/acknowledgement heuristics, and transparent reaction/acceptance clauses; leave unsourced list members and repetition cross-products lexicalized or quarantined.
ANotAQuestion	L23	ANotAQuestions	RETAIN_OR_SPLIT_NARROW_SUBTYPE	ANotAQuestions	10	18	CP022-I2A_PARTICLE_QUESTION_NEGATION_NARROWING	EP-R36-L23	NOT_AUTHORIZED	NARROW_OR_REALIGN_ONLY_AS_PACKET_SPECIFIES	CASE_BY_CASE	NOT_SELECTED_NOT_OPENED	Split exact lexical A唔A, reduced-disyllabic forms, and suppletive 有冇+VP event questions before implementation; retain overt arms and do not encode discourse neutrality as a hard parse condition.
DelimitedVP	L10	DelimitativeAspect	RETAIN_OR_SPLIT_NARROW_SUBTYPE	DelimitativeAspect	7	10	CP022-I2A_PARTICLE_QUESTION_NEGATION_NARROWING	EP-R36-L10	NOT_AUTHORIZED	NARROW_OR_REALIGN_ONLY_AS_PACKET_SPECIFIES	CASE_BY_CASE	NOT_SELECTED_NOT_OPENED	Preserve frozen behavior; use the R21 source map to split overt form, event class, 返 polysemy, prior-state licensing, and argument composition before any implementation.
LocativeWhQuestion	L25	TypedWhAndStanceQuestions	RETAIN_OR_SPLIT_NARROW_SUBTYPE	TypedWhAndStanceQuestions	6	14	CP022-I2A_PARTICLE_QUESTION_NEGATION_NARROWING	EP-R36-L25	NOT_AUTHORIZED	NARROW_OR_REALIGN_ONLY_AS_PACKET_SPECIFIES	CASE_BY_CASE	NOT_SELECTED_NOT_OPENED	Preserve the R20 evidence boundaries; any runtime change requires a separate authorized implementation and validation event.
ProgressiveVP	L08	ProgressiveAspect	RETAIN_OR_SPLIT_NARROW_SUBTYPE	ProgressiveAspect	6	12	CP022-I2A_PARTICLE_QUESTION_NEGATION_NARROWING	EP-R36-L08	NOT_AUTHORIZED	NARROW_OR_REALIGN_ONLY_AS_PACKET_SPECIFIES	CASE_BY_CASE	NOT_SELECTED_NOT_OPENED	Split aspect licensing from argument frame and replace the action_verb heuristic with lexical/event compatibility evidence before implementation.
ExistentialQuestion	L24	ExistentialQuestions	RETAIN_OR_SPLIT_NARROW_SUBTYPE	ExistentialQuestions	5	30	CP022-I2A_PARTICLE_QUESTION_NEGATION_NARROWING	EP-R36-L24	NOT_AUTHORIZED	NARROW_OR_REALIGN_ONLY_AS_PACKET_SPECIFIES	CASE_BY_CASE	NOT_SELECTED_NOT_OPENED	Separate possessive NP, locative existential NP, availability, event/experiential VP, and discourse-elliptical 有冇; preserve suppletive marker status.
ExistentialWhQuestion	L24	ExistentialQuestions	RETAIN_OR_SPLIT_NARROW_SUBTYPE	ExistentialQuestions	5	11	CP022-I2A_PARTICLE_QUESTION_NEGATION_NARROWING	EP-R36-L24	NOT_AUTHORIZED	NARROW_OR_REALIGN_ONLY_AS_PACKET_SPECIFIES	CASE_BY_CASE	NOT_SELECTED_NOT_OPENED	Find exact 有咩(+NP) examples and analysis; replace co-occurrence fallback with source-backed order and complement boundaries only after authorization.
RepetitiveComplementVP	L14	Faan1ComplementProfiles	RETAIN_LEXICALIZED_PROFILE	Faan1ComplementProfiles	3	11	CP022-I2A_PARTICLE_QUESTION_NEGATION_NARROWING	EP-R36-L14	NOT_AUTHORIZED	NARROW_OR_REALIGN_ONLY_AS_PACKET_SPECIFIES	CASE_BY_CASE	NOT_SELECTED_NOT_OPENED	Preserve frozen behavior; use the R21 source map to split overt form, event class, 返 polysemy, prior-state licensing, and argument composition before any implementation.
ModalANotAQuestion	L23	ANotAQuestions	RETAIN_OR_SPLIT_NARROW_SUBTYPE	ANotAQuestions	2	29	CP022-I2A_PARTICLE_QUESTION_NEGATION_NARROWING	EP-R36-L23	NOT_AUTHORIZED	NARROW_OR_REALIGN_ONLY_AS_PACKET_SPECIFIES	CASE_BY_CASE	NOT_SELECTED_NOT_OPENED	Keep only independently sourced lexical modal subtypes; distinguish exact-copy 想唔想 from reduced/fused 可唔可以 and research other listed modals separately.
NegatedExistentialClause	L26	Negation	RETAIN_OR_SPLIT_NARROW_SUBTYPE	Negation	2	14	CP022-I2A_PARTICLE_QUESTION_NEGATION_NARROWING	EP-R36-L26	NOT_AUTHORIZED	NARROW_OR_REALIGN_ONLY_AS_PACKET_SPECIFIES	CASE_BY_CASE	NOT_SELECTED_NOT_OPENED	Split negative possession, locative nonexistence, and 冇 + VP event/perfective negation; preserve visible 冇 and do not insert hidden 有.
NegatedVP	L26	Negation	RETAIN_OR_SPLIT_NARROW_SUBTYPE	Negation	1	14	CP022-I2A_PARTICLE_QUESTION_NEGATION_NARROWING	EP-R36-L26	NOT_AUTHORIZED	NARROW_OR_REALIGN_ONLY_AS_PACKET_SPECIFIES	CASE_BY_CASE	NOT_SELECTED_NOT_OPENED	Preserve R30 marker, complement, scope, and exact-gap boundaries; any merge, split, retirement, or runtime change requires a separately authorized implementation and validation event.
ProhibitiveImperative	L28	DirectivesRequestsAndSuggestions	RETAIN_OR_SPLIT_NARROW_SUBTYPE	DirectivesRequestsAndSuggestions	1	15	CP022-I2A_PARTICLE_QUESTION_NEGATION_NARROWING	EP-R36-L28	NOT_AUTHORIZED	NARROW_OR_REALIGN_ONLY_AS_PACKET_SPECIFIES	CASE_BY_CASE	NOT_SELECTED_NOT_OPENED	Split 唔好 and 咪 prohibitives, ordinary negation, lexicalized 唔好 expressions, and particle-specific directive force; retain overt marker and predicate.
RestorativeComplementVP	L14	Faan1ComplementProfiles	RETAIN_LEXICALIZED_PROFILE	Faan1ComplementProfiles	1	10	CP022-I2A_PARTICLE_QUESTION_NEGATION_NARROWING	EP-R36-L14	NOT_AUTHORIZED	NARROW_OR_REALIGN_ONLY_AS_PACKET_SPECIFIES	CASE_BY_CASE	NOT_SELECTED_NOT_OPENED	Preserve frozen behavior; use the R21 source map to split overt form, event class, 返 polysemy, prior-state licensing, and argument composition before any implementation.
AcceptabilityClause	L27	AcceptabilityAndFreeChoice	RETAIN_OR_SPLIT_NARROW_SUBTYPE	AcceptabilityAndFreeChoice	0	17	CP022-I2A_PARTICLE_QUESTION_NEGATION_NARROWING	EP-R36-L27	NOT_AUTHORIZED	NARROW_OR_REALIGN_ONLY_AS_PACKET_SPECIFIES	CASE_BY_CASE	NOT_SELECTED_NOT_OPENED	Preserve R30 marker, complement, scope, and exact-gap boundaries; any merge, split, retirement, or runtime change requires a separately authorized implementation and validation event.
CopularANotAQuestion	L23	ANotAQuestions	RETAIN_OR_SPLIT_NARROW_SUBTYPE	ANotAQuestions	0	12	CP022-I2A_PARTICLE_QUESTION_NEGATION_NARROWING	EP-R36-L23	NOT_AUTHORIZED	NARROW_OR_REALIGN_ONLY_AS_PACKET_SPECIFIES	CASE_BY_CASE	NOT_SELECTED_NOT_OPENED	Preserve overt 係唔係 while distinguishing nominal and clausal complements; record the syntactic analysis as contested and keep tokenization decisions internal.
IdentityWhQuestion	L25	TypedWhAndStanceQuestions	RETAIN_OR_SPLIT_NARROW_SUBTYPE	TypedWhAndStanceQuestions	0	13	CP022-I2A_PARTICLE_QUESTION_NEGATION_NARROWING	EP-R36-L25	NOT_AUTHORIZED	NARROW_OR_REALIGN_ONLY_AS_PACKET_SPECIFIES	CASE_BY_CASE	NOT_SELECTED_NOT_OPENED	Preserve the R20 evidence boundaries; any runtime change requires a separate authorized implementation and validation event.
NamingClause	L38	NamingAndAddress	RETAIN_OR_SPLIT_NARROW_SUBTYPE	NamingAndAddress	0	12	CP022-I2A_PARTICLE_QUESTION_NEGATION_NARROWING	EP-R36-L38	NOT_AUTHORIZED	NARROW_OR_REALIGN_ONLY_AS_PACKET_SPECIFIES	CASE_BY_CASE	NOT_SELECTED_NOT_OPENED	Preserve the R20 evidence boundaries; any runtime change requires a separate authorized implementation and validation event.
NegatedLexicalizedStative	L26	Negation	RETAIN_LEXICALIZED_PROFILE	Negation	0	17	CP022-I2A_PARTICLE_QUESTION_NEGATION_NARROWING	EP-R36-L26	NOT_AUTHORIZED	NARROW_OR_REALIGN_ONLY_AS_PACKET_SPECIFIES	CASE_BY_CASE	NOT_SELECTED_NOT_OPENED	Retire the homogeneous language label in a future authorized implementation; split lexical 難食, compositional 唔+好食, and prohibitive 唔好+食 while preserving ambiguity.
NegatedStativePredicate	L26	Negation	RETAIN_OR_SPLIT_NARROW_SUBTYPE	Negation	0	14	CP022-I2A_PARTICLE_QUESTION_NEGATION_NARROWING	EP-R36-L26	NOT_AUTHORIZED	NARROW_OR_REALIGN_ONLY_AS_PACKET_SPECIFIES	CASE_BY_CASE	NOT_SELECTED_NOT_OPENED	Narrow the sourced construction to 唔 + independently licensed property predicate; map 冇, 未, 咪, and other negative profiles separately.
OpinionQuestion	L25	TypedWhAndStanceQuestions	RETAIN_OR_SPLIT_NARROW_SUBTYPE	TypedWhAndStanceQuestions	0	8	CP022-I2A_PARTICLE_QUESTION_NEGATION_NARROWING	EP-R36-L25	NOT_AUTHORIZED	NARROW_OR_REALIGN_ONLY_AS_PACKET_SPECIFIES	CASE_BY_CASE	NOT_SELECTED_NOT_OPENED	Preserve R30 marker, complement, scope, and exact-gap boundaries; any merge, split, retirement, or runtime change requires a separately authorized implementation and validation event.
PoliteImperativeClause	L28	DirectivesRequestsAndSuggestions	RETAIN_OR_SPLIT_NARROW_SUBTYPE	DirectivesRequestsAndSuggestions	0	12	CP022-I2A_PARTICLE_QUESTION_NEGATION_NARROWING	EP-R36-L28	NOT_AUTHORIZED	NARROW_OR_REALIGN_ONLY_AS_PACKET_SPECIFIES	CASE_BY_CASE	NOT_SELECTED_NOT_OPENED	Decompose the unsourced path-specific wrapper into marker-specific request force plus ordinary addressee/time/path/predicate structure.
ScalarRangeFragment	L43	ScalarComparisonAndEvaluation	RETAIN_LEXICALIZED_PROFILE	ScalarComparisonAndEvaluation	0	15	CP022-I2A_PARTICLE_QUESTION_NEGATION_NARROWING	EP-R36-L43	NOT_AUTHORIZED	NARROW_OR_REALIGN_ONLY_AS_PACKET_SPECIFIES	CASE_BY_CASE	NOT_SELECTED_NOT_OPENED	Preserve the R19 evidence boundaries; any runtime change requires a separate authorized implementation and validation event.
ScalarValueQuestion	L25	TypedWhAndStanceQuestions	RETAIN_OR_SPLIT_NARROW_SUBTYPE	TypedWhAndStanceQuestions	0	20	CP022-I2A_PARTICLE_QUESTION_NEGATION_NARROWING	EP-R36-L25	NOT_AUTHORIZED	NARROW_OR_REALIGN_ONLY_AS_PACKET_SPECIFIES	CASE_BY_CASE	NOT_SELECTED_NOT_OPENED	Preserve the R19 evidence boundaries; any runtime change requires a separate authorized implementation and validation event.
SuggestionQuestion	L28	DirectivesRequestsAndSuggestions	RETAIN_OR_SPLIT_NARROW_SUBTYPE	DirectivesRequestsAndSuggestions	0	11	CP022-I2A_PARTICLE_QUESTION_NEGATION_NARROWING	EP-R36-L28	NOT_AUTHORIZED	NARROW_OR_REALIGN_ONLY_AS_PACKET_SPECIFIES	CASE_BY_CASE	NOT_SELECTED_NOT_OPENED	Realign as marker-specific suggestion force over an overt proposal clause/VP; do not infer interrogative syntax from translation or final particle.
VocativeAddressTerm	L38	NamingAndAddress	RETAIN_LEXICALIZED_PROFILE	NamingAndAddress	0	16	CP022-I2A_PARTICLE_QUESTION_NEGATION_NARROWING	EP-R36-L38	NOT_AUTHORIZED	NARROW_OR_REALIGN_ONLY_AS_PACKET_SPECIFIES	CASE_BY_CASE	NOT_SELECTED_NOT_OPENED	Preserve the R20 evidence boundaries; any runtime change requires a separate authorized implementation and validation event.
DemonstrativeClassifierNP	L17	DemonstrativeNP	RETAIN_OR_SPLIT_NARROW_SUBTYPE	DemonstrativeNP	32	25	CP022-I2B_NOMINAL_MEASURE_AND_SCALAR_BOUNDARIES	EP-R36-L17	NOT_AUTHORIZED	NARROW_OR_REALIGN_ONLY_AS_PACKET_SPECIFIES	CASE_BY_CASE	NOT_SELECTED_NOT_OPENED	Keep overt-head D-(X)-C-N and headless D-C-Ø distinct; record variation over overt one and prohibit hidden numeral insertion.
QuantifiedClassifierNP	L16	ClassifierAndQuantityNP	RETAIN_OR_SPLIT_NARROW_SUBTYPE	ClassifierAndQuantityNP	24	37	CP022-I2B_NOMINAL_MEASURE_AND_SCALAR_BOUNDARIES	EP-R36-L16	NOT_AUTHORIZED	NARROW_OR_REALIGN_ONLY_AS_PACKET_SPECIFIES	CASE_BY_CASE	NOT_SELECTED_NOT_OPENED	Keep overt-head X-C-N and context-dependent X-C-Ø distinct in any future design; preserve overt classifier and never fabricate the missing noun.
QuantifiedTimeNP	L16	ClassifierAndQuantityNP	RETAIN_OR_SPLIT_NARROW_SUBTYPE	ClassifierAndQuantityNP	13	19	CP022-I2B_NOMINAL_MEASURE_AND_SCALAR_BOUNDARIES	EP-R36-L16	NOT_AUTHORIZED	NARROW_OR_REALIGN_ONLY_AS_PACKET_SPECIFIES	CASE_BY_CASE	NOT_SELECTED_NOT_OPENED	Split duration, distributive/frequency, conventional 個字 measure, and fragment profiles; remove generic classifier/particle assumptions before implementation.
NominalPredicateClause	L44	TemporalAndMeasurePredication	RETAIN_OR_SPLIT_NARROW_SUBTYPE	TemporalAndMeasurePredication	12	10	CP022-I2B_NOMINAL_MEASURE_AND_SCALAR_BOUNDARIES	EP-R36-L44	NOT_AUTHORIZED	NARROW_OR_REALIGN_ONLY_AS_PACKET_SPECIFIES	CASE_BY_CASE	NOT_SELECTED_NOT_OPENED	Preserve the R19 evidence boundaries; any runtime change requires a separate authorized implementation and validation event.
DiMarkedNP	L21	OrdinalNominals	RETAIN_OR_SPLIT_NARROW_SUBTYPE	OrdinalNominals	5	20	CP022-I2B_NOMINAL_MEASURE_AND_SCALAR_BOUNDARIES	EP-R36-L21	NOT_AUTHORIZED	NARROW_OR_REALIGN_ONLY_AS_PACKET_SPECIFIES	CASE_BY_CASE	NOT_SELECTED_NOT_OPENED	Relabel theory-neutrally as an overt di1-marked nominal expression; preserve plural interpretation while keeping gloss and clause role context-dependent.
ApproximateQuantity	L16	ClassifierAndQuantityNP	RETAIN_OR_SPLIT_NARROW_SUBTYPE	ClassifierAndQuantityNP	3	17	CP022-I2B_NOMINAL_MEASURE_AND_SCALAR_BOUNDARIES	EP-R36-L16	NOT_AUTHORIZED	NARROW_OR_REALIGN_ONLY_AS_PACKET_SPECIFIES	CASE_BY_CASE	NOT_SELECTED_NOT_OPENED	Preserve the R19 evidence boundaries; any runtime change requires a separate authorized implementation and validation event.
ReduplicatedVP	L37	MannerAndReduplication	RETAIN_OR_SPLIT_NARROW_SUBTYPE	MannerAndReduplication	3	12	CP022-I2B_NOMINAL_MEASURE_AND_SCALAR_BOUNDARIES	EP-R36-L37	NOT_AUTHORIZED	NARROW_OR_REALIGN_ONLY_AS_PACKET_SPECIFIES	CASE_BY_CASE	NOT_SELECTED_NOT_OPENED	Preserve frozen behavior; use the R21 source map to split overt form, event class, 返 polysemy, prior-state licensing, and argument composition before any implementation.
RelativeClauseNP	L19	NominalModificationAndRelatives	RETAIN_OR_SPLIT_NARROW_SUBTYPE	NominalModificationAndRelatives	3	13	CP022-I2B_NOMINAL_MEASURE_AND_SCALAR_BOUNDARIES	EP-R36-L19	NOT_AUTHORIZED	NARROW_OR_REALIGN_ONLY_AS_PACKET_SPECIFIES	CASE_BY_CASE	NOT_SELECTED_NOT_OPENED	Split classifier and ge3 relatives and separate overt construction recognition from disputed gap/internal-head analysis.
WhClassifierQuestion	L22	WhNominals	RETAIN_OR_SPLIT_NARROW_SUBTYPE	WhNominals	3	10	CP022-I2B_NOMINAL_MEASURE_AND_SCALAR_BOUNDARIES	EP-R36-L22	NOT_AUTHORIZED	NARROW_OR_REALIGN_ONLY_AS_PACKET_SPECIFIES	CASE_BY_CASE	NOT_SELECTED_NOT_OPENED	Preserve the R20 evidence boundaries; any runtime change requires a separate authorized implementation and validation event.
ClassifierObjectNP	L16	ClassifierAndQuantityNP	RETAIN_OR_SPLIT_NARROW_SUBTYPE	ClassifierAndQuantityNP	2	15	CP022-I2B_NOMINAL_MEASURE_AND_SCALAR_BOUNDARIES	EP-R36-L16	NOT_AUTHORIZED	NARROW_OR_REALIGN_ONLY_AS_PACKET_SPECIFIES	CASE_BY_CASE	NOT_SELECTED_NOT_OPENED	Realign to a role-neutral classifier+noun representation; assign object/topic/subject roles at the containing frame.
ModifierNP	L19	NominalModificationAndRelatives	RETAIN_OR_SPLIT_NARROW_SUBTYPE	NominalModificationAndRelatives	2	9	CP022-I2B_NOMINAL_MEASURE_AND_SCALAR_BOUNDARIES	EP-R36-L19	NOT_AUTHORIZED	NARROW_OR_REALIGN_ONLY_AS_PACKET_SPECIFIES	CASE_BY_CASE	NOT_SELECTED_NOT_OPENED	Narrow to externally supported bare-modifier classes and preserve the interpretation difference from ge3-marked modification.
QuantifiedPersonNP	L16	ClassifierAndQuantityNP	RETAIN_OR_SPLIT_NARROW_SUBTYPE	ClassifierAndQuantityNP	1	16	CP022-I2B_NOMINAL_MEASURE_AND_SCALAR_BOUNDARIES	EP-R36-L16	NOT_AUTHORIZED	NARROW_OR_REALIGN_ONLY_AS_PACKET_SPECIFIES	CASE_BY_CASE	NOT_SELECTED_NOT_OPENED	Preserve the R29 source boundaries; any merge, split, retirement, or runtime change requires a separately authorized implementation and validation event.
StativeNominalComplement	L19	NominalModificationAndRelatives	RETAIN_OR_SPLIT_NARROW_SUBTYPE	NominalModificationAndRelatives	1	16	CP022-I2B_NOMINAL_MEASURE_AND_SCALAR_BOUNDARIES	EP-R36-L19	NOT_AUTHORIZED	NARROW_OR_REALIGN_ONLY_AS_PACKET_SPECIFIES	CASE_BY_CASE	NOT_SELECTED_NOT_OPENED	Split headless modifier-ge3 nominal use from headed modified NP and sentence-final ge3; insert no hidden noun.
TimeNP	L44	TemporalAndMeasurePredication	RETAIN_OR_SPLIT_NARROW_SUBTYPE	TemporalAndMeasurePredication	1	17	CP022-I2B_NOMINAL_MEASURE_AND_SCALAR_BOUNDARIES	EP-R36-L44	NOT_AUTHORIZED	NARROW_OR_REALIGN_ONLY_AS_PACKET_SPECIFIES	CASE_BY_CASE	NOT_SELECTED_NOT_OPENED	Split lexical/deictic time forms by head-specific classifier behavior and keep nominal form separate from clause-level temporal role before any implementation.
AssociativeNP	L18	AssociativeAndCoordinatedNP	RETAIN_OR_SPLIT_NARROW_SUBTYPE	AssociativeAndCoordinatedNP	0	10	CP022-I2B_NOMINAL_MEASURE_AND_SCALAR_BOUNDARIES	EP-R36-L18	NOT_AUTHORIZED	NARROW_OR_REALIGN_ONLY_AS_PACKET_SPECIFIES	CASE_BY_CASE	NOT_SELECTED_NOT_OPENED	Split possessor/associative, relative, aboutness, and nominal-complement relations; do not infer one relation from 嘅.
BareClassifierNP	L16	ClassifierAndQuantityNP	RETAIN_OR_SPLIT_NARROW_SUBTYPE	ClassifierAndQuantityNP	0	6	CP022-I2B_NOMINAL_MEASURE_AND_SCALAR_BOUNDARIES	EP-R36-L16	NOT_AUTHORIZED	NARROW_OR_REALIGN_ONLY_AS_PACKET_SPECIFIES	CASE_BY_CASE	NOT_SELECTED_NOT_OPENED	Keep dormant; retire or redefine as a role-neutral alias for C-N, not classifier-alone ellipsis.
CoordinatedNP	L18	AssociativeAndCoordinatedNP	RETAIN_OR_SPLIT_NARROW_SUBTYPE	AssociativeAndCoordinatedNP	0	15	CP022-I2B_NOMINAL_MEASURE_AND_SCALAR_BOUNDARIES	EP-R36-L18	NOT_AUTHORIZED	NARROW_OR_REALIGN_ONLY_AS_PACKET_SPECIFIES	CASE_BY_CASE	NOT_SELECTED_NOT_OPENED	Split overt 同, 同埋, and juxtaposition profiles; distinguish coordination from comitative/coverb 同 and assign clause role outside the NP.
DegreeMannerModifiedVP	L37	MannerAndReduplication	RETAIN_OR_SPLIT_NARROW_SUBTYPE	MannerAndReduplication	0	8	CP022-I2B_NOMINAL_MEASURE_AND_SCALAR_BOUNDARIES	EP-R36-L37	NOT_AUTHORIZED	NARROW_OR_REALIGN_ONLY_AS_PACKET_SPECIFIES	CASE_BY_CASE	NOT_SELECTED_NOT_OPENED	Preserve frozen behavior; apply R23 marker, relation, position, scope, overt-噉, and transparent-wrapper boundaries before any implementation.
DemonstrativeQuantifiedClassifierNP	L16	ClassifierAndQuantityNP	RETAIN_OR_SPLIT_NARROW_SUBTYPE	ClassifierAndQuantityNP	0	6	CP022-I2B_NOMINAL_MEASURE_AND_SCALAR_BOUNDARIES	EP-R36-L16	NOT_AUTHORIZED	NARROW_OR_REALIGN_ONLY_AS_PACKET_SPECIFIES	CASE_BY_CASE	NOT_SELECTED_NOT_OPENED	Keep dormant and narrow to overt D+Num+CL+N only if a separate node remains useful after design review.
MannerAdverbialVP	L37	MannerAndReduplication	RETAIN_OR_SPLIT_NARROW_SUBTYPE	MannerAndReduplication	0	11	CP022-I2B_NOMINAL_MEASURE_AND_SCALAR_BOUNDARIES	EP-R36-L37	NOT_AUTHORIZED	NARROW_OR_REALIGN_ONLY_AS_PACKET_SPECIFIES	CASE_BY_CASE	NOT_SELECTED_NOT_OPENED	Preserve frozen behavior; apply R23 marker, relation, position, scope, overt-噉, and transparent-wrapper boundaries before any implementation.
OrdinalClassifierNP	L21	OrdinalNominals	RETAIN_OR_SPLIT_NARROW_SUBTYPE	OrdinalNominals	0	19	CP022-I2B_NOMINAL_MEASURE_AND_SCALAR_BOUNDARIES	EP-R36-L21	NOT_AUTHORIZED	NARROW_OR_REALIGN_ONLY_AS_PACKET_SPECIFIES	CASE_BY_CASE	NOT_SELECTED_NOT_OPENED	Split headed and noun-elliptical 第 ordinals and distinguish true ordinal use from lexicalized 第二 meaning next/another/other.
PossessiveClassifierNP	L20	PossessiveNominals	RETAIN_OR_SPLIT_NARROW_SUBTYPE	PossessiveNominals	0	10	CP022-I2B_NOMINAL_MEASURE_AND_SCALAR_BOUNDARIES	EP-R36-L20	NOT_AUTHORIZED	NARROW_OR_REALIGN_ONLY_AS_PACKET_SPECIFIES	CASE_BY_CASE	NOT_SELECTED_NOT_OPENED	Narrow to possessor+overt-classifier+noun or independently licensed ellipsis; remove result-frame ownership from the nominal construction in future design.
ScalarEvaluation	L43	ScalarComparisonAndEvaluation	RETAIN_OR_SPLIT_NARROW_SUBTYPE	ScalarComparisonAndEvaluation	0	19	CP022-I2B_NOMINAL_MEASURE_AND_SCALAR_BOUNDARIES	EP-R36-L43	NOT_AUTHORIZED	NARROW_OR_REALIGN_ONLY_AS_PACKET_SPECIFIES	CASE_BY_CASE	NOT_SELECTED_NOT_OPENED	Preserve the R29 source boundaries; any merge, split, retirement, or runtime change requires a separately authorized implementation and validation event.
DirectionalMotionVP	L33	DirectionalMotion	RETAIN_OR_SPLIT_NARROW_SUBTYPE	DirectionalMotion	78	43	CP022-I3_LOCATIVE_MOTION_SERIAL_RELATIONS	EP-R36-L33	NOT_AUTHORIZED	NARROW_OR_REALIGN_ONLY_AS_PACKET_SPECIFIES	CASE_BY_CASE	NOT_SELECTED_NOT_OPENED	Use the R4 matrix to split independent path predicates, manner-directional sequences, postverbal directionals, and caused-motion subspans before any implementation design.
MotionGoalVP	L34	GoalSourceAndPath	RETAIN_OR_SPLIT_NARROW_SUBTYPE	GoalSourceAndPath	41	28	CP022-I3_LOCATIVE_MOTION_SERIAL_RELATIONS	EP-R36-L34	NOT_AUTHORIZED	NARROW_OR_REALIGN_ONLY_AS_PACKET_SPECIFIES	CASE_BY_CASE	NOT_SELECTED_NOT_OPENED	Use the cumulative R4 source matrix; retain SOURCE_LINKED_PROVISIONAL until behavior review.
ImpersonalEnvironmentalClause	L41	EnvironmentalClauses	RETAIN_OR_SPLIT_NARROW_SUBTYPE	EnvironmentalClauses	15	26	CP022-I3_LOCATIVE_MOTION_SERIAL_RELATIONS	EP-R36-L41	NOT_AUTHORIZED	NARROW_OR_REALIGN_ONLY_AS_PACKET_SPECIFIES	CASE_BY_CASE	NOT_SELECTED_NOT_OPENED	Preserve frozen behavior; use the R22 source map to split environmental events, lexical transitions, ambient properties, locative inversion, place properties, posture locatives, and spatial/progressive 喺度 before implementation.
LocativePlacePhrase	L36	LocativeAndPosturalPredication	RETAIN_OR_SPLIT_NARROW_SUBTYPE	LocativeAndPosturalPredication	15	23	CP022-I3_LOCATIVE_MOTION_SERIAL_RELATIONS	EP-R36-L36	NOT_AUTHORIZED	NARROW_OR_REALIGN_ONLY_AS_PACKET_SPECIFIES	CASE_BY_CASE	NOT_SELECTED_NOT_OPENED	Use the R4 source matrix to split or narrow supported subtypes; keep unmapped subtypes quarantined.
DirectedMannerMotionVP	L33	DirectionalMotion	RETAIN_OR_SPLIT_NARROW_SUBTYPE	DirectionalMotion	6	20	CP022-I3_LOCATIVE_MOTION_SERIAL_RELATIONS	EP-R36-L33	NOT_AUTHORIZED	NARROW_OR_REALIGN_ONLY_AS_PACKET_SPECIFIES	CASE_BY_CASE	NOT_SELECTED_NOT_OPENED	Keep postverbal manner-direction profiles separate from preverbal 向 phrases and caused-motion participant mappings.
SerialVerbPurposeChain	L35	PurposeSerialRelations	RETAIN_OR_SPLIT_NARROW_SUBTYPE	PurposeSerialRelations	5	30	CP022-I3_LOCATIVE_MOTION_SERIAL_RELATIONS	EP-R36-L35	NOT_AUTHORIZED	NARROW_OR_REALIGN_ONLY_AS_PACKET_SPECIFIES	CASE_BY_CASE	NOT_SELECTED_NOT_OPENED	Split overt purposive-linker, motion-purpose, unmarked serial, and longer-chain profiles; require semantic/contextual licensing and preserve 嚟/去 asymmetry before implementation.
ExistentialClause	L39	ExistentialAndPresentationalClauses	RETAIN_OR_SPLIT_NARROW_SUBTYPE	ExistentialAndPresentationalClauses	4	14	CP022-I3_LOCATIVE_MOTION_SERIAL_RELATIONS	EP-R36-L39	NOT_AUTHORIZED	NARROW_OR_REALIGN_ONLY_AS_PACKET_SPECIFIES	CASE_BY_CASE	NOT_SELECTED_NOT_OPENED	Split overt possessor + 有 + NP, location-domain + 有 + NP, participant-introducing 有 + NP + predicate, and 有 + VP auxiliary profiles before implementation.
ExistentialPresentationalClause	L39	ExistentialAndPresentationalClauses	RETAIN_OR_SPLIT_NARROW_SUBTYPE	ExistentialAndPresentationalClauses	4	11	CP022-I3_LOCATIVE_MOTION_SERIAL_RELATIONS	EP-R36-L39	NOT_AUTHORIZED	NARROW_OR_REALIGN_ONLY_AS_PACKET_SPECIFIES	CASE_BY_CASE	NOT_SELECTED_NOT_OPENED	Research exact 有/冇 + NP + 喺-coda order and polarity using natural corpora and construction-specific analysis; do not extrapolate from general 有+NP+predicate presentation.
LexicalGiveRelation	L01	CoverbAndParticipantRelations	RETAIN_OR_SPLIT_NARROW_SUBTYPE	CoverbAndParticipantRelations	4	18	CP022-I3_LOCATIVE_MOTION_SERIAL_RELATIONS	EP-R36-L01	NOT_AUTHORIZED	NARROW_OR_REALIGN_ONLY_AS_PACKET_SPECIFIES	CASE_BY_CASE	NOT_SELECTED_NOT_OPENED	Use the cumulative R4 source matrix; retain SOURCE_LINKED_PROVISIONAL until behavior review.
LocativeFrameClause	L40	LocativeClauseFrames	RETAIN_OR_SPLIT_NARROW_SUBTYPE	LocativeClauseFrames	4	16	CP022-I3_LOCATIVE_MOTION_SERIAL_RELATIONS	EP-R36-L40	NOT_AUTHORIZED	NARROW_OR_REALIGN_ONLY_AS_PACKET_SPECIFIES	CASE_BY_CASE	NOT_SELECTED_NOT_OPENED	Preserve frozen behavior; use the R22 source map to split environmental events, lexical transitions, ambient properties, locative inversion, place properties, posture locatives, and spatial/progressive 喺度 before implementation.
SourceMotionClause	L34	GoalSourceAndPath	RETAIN_OR_SPLIT_NARROW_SUBTYPE	GoalSourceAndPath	4	14	CP022-I3_LOCATIVE_MOTION_SERIAL_RELATIONS	EP-R36-L34	NOT_AUTHORIZED	NARROW_OR_REALIGN_ONLY_AS_PACKET_SPECIFIES	CASE_BY_CASE	NOT_SELECTED_NOT_OPENED	Use the cumulative R4 source matrix; retain SOURCE_LINKED_PROVISIONAL until behavior review.
GoalAttainmentMotionVP	L34	GoalSourceAndPath	RETAIN_OR_SPLIT_NARROW_SUBTYPE	GoalSourceAndPath	2	11	CP022-I3_LOCATIVE_MOTION_SERIAL_RELATIONS	EP-R36-L34	NOT_AUTHORIZED	NARROW_OR_REALIGN_ONLY_AS_PACKET_SPECIFIES	CASE_BY_CASE	NOT_SELECTED_NOT_OPENED	Separate main arrival 到, spatial attainment V-到-goal, nonspatial result/extent, and ability-related uses.
MotionPurposeChain	L35	PurposeSerialRelations	RETAIN_OR_SPLIT_NARROW_SUBTYPE	PurposeSerialRelations	1	26	CP022-I3_LOCATIVE_MOTION_SERIAL_RELATIONS	EP-R36-L35	NOT_AUTHORIZED	NARROW_OR_REALIGN_ONLY_AS_PACKET_SPECIFIES	CASE_BY_CASE	NOT_SELECTED_NOT_OPENED	Use the cumulative R4 source matrix; retain SOURCE_LINKED_REVIEW_BOUNDARY until behavior review.
PathPhrase	L34	GoalSourceAndPath	RETAIN_OR_SPLIT_NARROW_SUBTYPE	GoalSourceAndPath	1	14	CP022-I3_LOCATIVE_MOTION_SERIAL_RELATIONS	EP-R36-L34	NOT_AUTHORIZED	NARROW_OR_REALIGN_ONLY_AS_PACKET_SPECIFIES	CASE_BY_CASE	NOT_SELECTED_NOT_OPENED	Use the R4 source matrix to split or narrow supported subtypes; keep unmapped subtypes quarantined.
CompoundDirectionalMotionVP	L33	DirectionalMotion	RETAIN_OR_SPLIT_NARROW_SUBTYPE	DirectionalMotion	0	15	CP022-I3_LOCATIVE_MOTION_SERIAL_RELATIONS	EP-R36-L33	NOT_AUTHORIZED	NARROW_OR_REALIGN_ONLY_AS_PACKET_SPECIFIES	CASE_BY_CASE	NOT_SELECTED_NOT_OPENED	Reconcile the inconsistent runtime spans for 返上嚟 and 行返過嚟; preserve ordering and object-placement restrictions.
ExperientialMotionGoalVP	L34	GoalSourceAndPath	RETAIN_OR_SPLIT_NARROW_SUBTYPE	GoalSourceAndPath	0	9	CP022-I3_LOCATIVE_MOTION_SERIAL_RELATIONS	EP-R36-L34	NOT_AUTHORIZED	NARROW_OR_REALIGN_ONLY_AS_PACKET_SPECIFIES	CASE_BY_CASE	NOT_SELECTED_NOT_OPENED	Narrow to independently licensed motion predicates with overt goals; do not generalize from 去過.
IntendedFunctionRelation	L01	CoverbAndParticipantRelations	RETAIN_OR_SPLIT_NARROW_SUBTYPE	CoverbAndParticipantRelations	0	12	CP022-I3_LOCATIVE_MOTION_SERIAL_RELATIONS	EP-R36-L01	NOT_AUTHORIZED	NARROW_OR_REALIGN_ONLY_AS_PACKET_SPECIFIES	CASE_BY_CASE	NOT_SELECTED_NOT_OPENED	Narrow 用嚟 to sourced instrumental/function serial-verb profiles; preserve overt resource/topic structure and split actual-use events, intended function, affordance, and ordinary lexical 用.
LocativePostureVP	L36	LocativeAndPosturalPredication	RETAIN_OR_SPLIT_NARROW_SUBTYPE	LocativeAndPosturalPredication	0	12	CP022-I3_LOCATIVE_MOTION_SERIAL_RELATIONS	EP-R36-L36	NOT_AUTHORIZED	NARROW_OR_REALIGN_ONLY_AS_PACKET_SPECIFIES	CASE_BY_CASE	NOT_SELECTED_NOT_OPENED	Preserve frozen behavior; use the R22 source map to split environmental events, lexical transitions, ambient properties, locative inversion, place properties, posture locatives, and spatial/progressive 喺度 before implementation.
MotionDelimitedVP	L35	PurposeSerialRelations	RETAIN_OR_SPLIT_NARROW_SUBTYPE	PurposeSerialRelations	0	9	CP022-I3_LOCATIVE_MOTION_SERIAL_RELATIONS	EP-R36-L35	NOT_AUTHORIZED	NARROW_OR_REALIGN_ONLY_AS_PACKET_SPECIFIES	CASE_BY_CASE	NOT_SELECTED_NOT_OPENED	Decompose into a sourced purpose serial-verb relation plus an independently delimited second predicate; do not license a movement×action×吓 cross-product.
PassivePermissiveRelation	L01	CoverbAndParticipantRelations	RETAIN_OR_SPLIT_NARROW_SUBTYPE	CoverbAndParticipantRelations	0	11	CP022-I3_LOCATIVE_MOTION_SERIAL_RELATIONS	EP-R36-L01	NOT_AUTHORIZED	NARROW_OR_REALIGN_ONLY_AS_PACKET_SPECIFIES	CASE_BY_CASE	NOT_SELECTED_NOT_OPENED	Use the cumulative R4 source matrix; retain SOURCE_RECONSTRUCTED_PROVISIONAL until behavior review.
PostThemeParticipantRelation	L01	CoverbAndParticipantRelations	RETAIN_OR_SPLIT_NARROW_SUBTYPE	CoverbAndParticipantRelations	0	15	CP022-I3_LOCATIVE_MOTION_SERIAL_RELATIONS	EP-R36-L01	NOT_AUTHORIZED	NARROW_OR_REALIGN_ONLY_AS_PACKET_SPECIFIES	CASE_BY_CASE	NOT_SELECTED_NOT_OPENED	Use the cumulative R4 source matrix; retain SOURCE_LINKED_PROVISIONAL_THEORY_NEUTRAL until behavior review.
CompletionQuestion	L11	Completion	RETAIN_OR_SPLIT_NARROW_SUBTYPE	Completion	8	20	CP022-I4_ASPECT_RESULT_AND_CLAUSE_RELATIONS	EP-R36-L11	NOT_AUTHORIZED	NARROW_OR_REALIGN_ONLY_AS_PACKET_SPECIFIES	CASE_BY_CASE	NOT_SELECTED_NOT_OPENED	Require an overt completion/result/aspect licensing subtype for the language claim; keep perfective, experiential, and result/completion readings distinct; quarantine bare reviewed VO + 未 pending evidence.
CompletionVP	L11	Completion	RETAIN_OR_SPLIT_NARROW_SUBTYPE	Completion	7	29	CP022-I4_ASPECT_RESULT_AND_CLAUSE_RELATIONS	EP-R36-L11	NOT_AUTHORIZED	NARROW_OR_REALIGN_ONLY_AS_PACKET_SPECIFIES	CASE_BY_CASE	NOT_SELECTED_NOT_OPENED	Keep the sourced V完 and V完咗O family narrow; split 完 phase/endpoint, 晒 totality, result-state, and outer-perfective layers. Research 晒 separately before disposition.
NegativePotentialComplement	L12	ResultAndPotentialComplements	RETAIN_OR_SPLIT_NARROW_SUBTYPE	ResultAndPotentialComplements	5	17	CP022-I4_ASPECT_RESULT_AND_CLAUSE_RELATIONS	EP-R36-L12	NOT_AUTHORIZED	NARROW_OR_REALIGN_ONLY_AS_PACKET_SPECIFIES	CASE_BY_CASE	NOT_SELECTED_NOT_OPENED	Retain overt V-唔-R; split result heads, constrain objects, and keep potential polarity separate from ordinary negation.
ConditionalClause	L02	ConditionalRelations	RETAIN_OR_SPLIT_NARROW_SUBTYPE	ConditionalRelations	4	14	CP022-I4_ASPECT_RESULT_AND_CLAUSE_RELATIONS	EP-R36-L02	NOT_AUTHORIZED	NARROW_OR_REALIGN_ONLY_AS_PACKET_SPECIFIES	CASE_BY_CASE	NOT_SELECTED_NOT_OPENED	Split 如果, 嘅話, bare conditional 嘅, markerless/contextual condition relations, and isolated antecedent fragments; preserve marker tone and result attachment without inserting hidden content.
ExperientialVP	L07	ExperientialAspect	RETAIN_OR_SPLIT_NARROW_SUBTYPE	ExperientialAspect	3	16	CP022-I4_ASPECT_RESULT_AND_CLAUSE_RELATIONS	EP-R36-L07	NOT_AUTHORIZED	NARROW_OR_REALIGN_ONLY_AS_PACKET_SPECIFIES	CASE_BY_CASE	NOT_SELECTED_NOT_OPENED	Retain overt V過 narrowly and research lexical/event compatibility rather than promoting action_verb + 過 productivity.
PotentialResultVP	L12	ResultAndPotentialComplements	RETAIN_OR_SPLIT_NARROW_SUBTYPE	ResultAndPotentialComplements	3	12	CP022-I4_ASPECT_RESULT_AND_CLAUSE_RELATIONS	EP-R36-L12	NOT_AUTHORIZED	NARROW_OR_REALIGN_ONLY_AS_PACKET_SPECIFIES	CASE_BY_CASE	NOT_SELECTED_NOT_OPENED	Retain only overt V-得-R with licensed result material; research each result head and object-placement profile.
ResultComplementVP	L12	ResultAndPotentialComplements	RETAIN_OR_SPLIT_NARROW_SUBTYPE	ResultAndPotentialComplements	3	15	CP022-I4_ASPECT_RESULT_AND_CLAUSE_RELATIONS	EP-R36-L12	NOT_AUTHORIZED	NARROW_OR_REALIGN_ONLY_AS_PACKET_SPECIFIES	CASE_BY_CASE	NOT_SELECTED_NOT_OPENED	Separate V+好 lexical/result material, V-到 phrasal result, and outer perfective; map exact 好 combinations before implementation.
ExperientialYesNoQuestion	L07	ExperientialAspect	RETAIN_OR_SPLIT_NARROW_SUBTYPE	ExperientialAspect	2	12	CP022-I4_ASPECT_RESULT_AND_CLAUSE_RELATIONS	EP-R36-L07	NOT_AUTHORIZED	NARROW_OR_REALIGN_ONLY_AS_PACKET_SPECIFIES	CASE_BY_CASE	NOT_SELECTED_NOT_OPENED	Keep suppletive 有冇+V過 separate from ordinary A-not-A and prevent duplicate object/topic relations.
NegativePotentialDirectionalVP	L12	ResultAndPotentialComplements	RETAIN_OR_SPLIT_NARROW_SUBTYPE	ResultAndPotentialComplements	2	8	CP022-I4_ASPECT_RESULT_AND_CLAUSE_RELATIONS	EP-R36-L12	NOT_AUTHORIZED	NARROW_OR_REALIGN_ONLY_AS_PACKET_SPECIFIES	CASE_BY_CASE	NOT_SELECTED_NOT_OPENED	Validate negative directional combinations and object boundaries while preserving overt V-唔-R polarity.
PotentialDirectionalVP	L12	ResultAndPotentialComplements	RETAIN_OR_SPLIT_NARROW_SUBTYPE	ResultAndPotentialComplements	2	8	CP022-I4_ASPECT_RESULT_AND_CLAUSE_RELATIONS	EP-R36-L12	NOT_AUTHORIZED	NARROW_OR_REALIGN_ONLY_AS_PACKET_SPECIFIES	CASE_BY_CASE	NOT_SELECTED_NOT_OPENED	Validate verb/direction/deixis combinations in corpus evidence before any productive or implementation claim.
DurativeVP	L09	DurativeContinuativeAspect	RETAIN_OR_SPLIT_NARROW_SUBTYPE	DurativeContinuativeAspect	1	11	CP022-I4_ASPECT_RESULT_AND_CLAUSE_RELATIONS	EP-R36-L09	NOT_AUTHORIZED	NARROW_OR_REALIGN_ONLY_AS_PACKET_SPECIFIES	CASE_BY_CASE	NOT_SELECTED_NOT_OPENED	Split continuing-state, transitive, and accompanying/subordinate V住 profiles and add lexical restrictions before implementation.
ResultComplement	L12	ResultAndPotentialComplements	RETAIN_OR_SPLIT_NARROW_SUBTYPE	ResultAndPotentialComplements	1	12	CP022-I4_ASPECT_RESULT_AND_CLAUSE_RELATIONS	EP-R36-L12	NOT_AUTHORIZED	NARROW_OR_REALIGN_ONLY_AS_PACKET_SPECIFIES	CASE_BY_CASE	NOT_SELECTED_NOT_OPENED	Split lexical RVC, phrasal V-到 result, main arrival, and spatial attainment; remove generic 到 adjacency as language evidence before any implementation.
CausativeResultPredicate	L15	ResultativeAndChangePredication	RETAIN_OR_SPLIT_NARROW_SUBTYPE	ResultativeAndChangePredication	0	10	CP022-I4_ASPECT_RESULT_AND_CLAUSE_RELATIONS	EP-R36-L15	NOT_AUTHORIZED	NARROW_OR_REALIGN_ONLY_AS_PACKET_SPECIFIES	CASE_BY_CASE	NOT_SELECTED_NOT_OPENED	Treat cause/effect as a construction-level relation; review child-node necessity and do not derive roles mechanically from individual verbs.
ChangeIntoPredicate	L15	ResultativeAndChangePredication	RETAIN_OR_SPLIT_NARROW_SUBTYPE	ResultativeAndChangePredication	0	10	CP022-I4_ASPECT_RESULT_AND_CLAUSE_RELATIONS	EP-R36-L15	NOT_AUTHORIZED	NARROW_OR_REALIGN_ONLY_AS_PACKET_SPECIFIES	CASE_BY_CASE	NOT_SELECTED_NOT_OPENED	Retain lexical 變成 while splitting overt complement types and keeping productivity/selection lexically bounded.
CompletionThenClause	L03	TemporalAndSequentialRelations	RETAIN_OR_SPLIT_NARROW_SUBTYPE	TemporalAndSequentialRelations	0	12	CP022-I4_ASPECT_RESULT_AND_CLAUSE_RELATIONS	EP-R36-L03	NOT_AUTHORIZED	NARROW_OR_REALIGN_ONLY_AS_PACKET_SPECIFIES	CASE_BY_CASE	NOT_SELECTED_NOT_OPENED	Realign to ordinary completion structure plus a 就-marked sequence relation; preserve local subjects and clause boundaries, and do not infer conditionality.
ConditionResult	L02	ConditionalRelations	RETAIN_OR_SPLIT_NARROW_SUBTYPE	ConditionalRelations	0	11	CP022-I4_ASPECT_RESULT_AND_CLAUSE_RELATIONS	EP-R36-L02	NOT_AUTHORIZED	NARROW_OR_REALIGN_ONLY_AS_PACKET_SPECIFIES	CASE_BY_CASE	NOT_SELECTED_NOT_OPENED	Replace the action+就+stative wrapper with a relation between independently parsed clauses; distinguish conditional consequent 就 from temporal/sequential and other uses.
ExperientialQuestion	L07	ExperientialAspect	RETAIN_OR_SPLIT_NARROW_SUBTYPE	ExperientialAspect	0	11	CP022-I4_ASPECT_RESULT_AND_CLAUSE_RELATIONS	EP-R36-L07	NOT_AUTHORIZED	NARROW_OR_REALIGN_ONLY_AS_PACKET_SPECIFIES	CASE_BY_CASE	NOT_SELECTED_NOT_OPENED	Require an interrogative final-未 profile after overt experiential material; separate negative statements.
NegativeExperiential	L07	ExperientialAspect	RETAIN_OR_SPLIT_NARROW_SUBTYPE	ExperientialAspect	0	8	CP022-I4_ASPECT_RESULT_AND_CLAUSE_RELATIONS	EP-R36-L07	NOT_AUTHORIZED	NARROW_OR_REALIGN_ONLY_AS_PACKET_SPECIFIES	CASE_BY_CASE	NOT_SELECTED_NOT_OPENED	Preserve frozen behavior; apply R24 directional-aspect composition, wrapper transparency, negator-type, not-yet, and question/statement boundaries before implementation.
PerfectiveObjectResultPredicate	L15	ResultativeAndChangePredication	RETAIN_OR_SPLIT_NARROW_SUBTYPE	ResultativeAndChangePredication	0	11	CP022-I4_ASPECT_RESULT_AND_CLAUSE_RELATIONS	EP-R36-L15	NOT_AUTHORIZED	NARROW_OR_REALIGN_ONLY_AS_PACKET_SPECIFIES	CASE_BY_CASE	NOT_SELECTED_NOT_OPENED	Research 停咗雨 valency and regional distribution; realign from object-result terminology to weather cessation if evidence supports it.
PriorityMarkerClause	L03	TemporalAndSequentialRelations	RETAIN_OR_SPLIT_NARROW_SUBTYPE	TemporalAndSequentialRelations	0	13	CP022-I4_ASPECT_RESULT_AND_CLAUSE_RELATIONS	EP-R36-L03	NOT_AUTHORIZED	NARROW_OR_REALIGN_ONLY_AS_PACKET_SPECIFIES	CASE_BY_CASE	NOT_SELECTED_NOT_OPENED	Split ordinary postverbal priority 先, particleized/deferral uses, preparatory V定…先, and unresolved ordering domains.
ResultStateClause	L15	ResultativeAndChangePredication	RETAIN_OR_SPLIT_NARROW_SUBTYPE	ResultativeAndChangePredication	0	10	CP022-I4_ASPECT_RESULT_AND_CLAUSE_RELATIONS	EP-R36-L15	NOT_AUTHORIZED	NARROW_OR_REALIGN_ONLY_AS_PACKET_SPECIFIES	CASE_BY_CASE	NOT_SELECTED_NOT_OPENED	Split scope/focus, lexical changed state, perfective aspect, and particle; avoid exact 熟-only clause ontology.
TemporalAdverbialClause	L03	TemporalAndSequentialRelations	RETAIN_OR_SPLIT_NARROW_SUBTYPE	TemporalAndSequentialRelations	0	7	CP022-I4_ASPECT_RESULT_AND_CLAUSE_RELATIONS	EP-R36-L03	NOT_AUTHORIZED	NARROW_OR_REALIGN_ONLY_AS_PACKET_SPECIFIES	CASE_BY_CASE	NOT_SELECTED_NOT_OPENED	Redefine the dormant label around explicit 喺- and 當-temporal-clause subtypes; keep syntactic theory and hidden operators out of learner output.
ModifiedNP	L19	NominalModificationAndRelatives	DECOMPOSE_IMPLEMENTATION_UMBRELLA	NominalModificationAndRelatives	40	34	CP022-I5_VALENCY_COMPLEMENTS_STANCE_ARCHITECTURE	EP-R36-L19	NOT_AUTHORIZED	NARROW_OR_REALIGN_ONLY_AS_PACKET_SPECIFIES	CASE_BY_CASE	NOT_SELECTED_NOT_OPENED	Split bare, ge3-marked, wh-determiner, demonstrative/classifier, and relative/verbal modifier branches before implementation; keep ModifiedNP internal only.
TransitiveVP	L45	ValencyAndArgumentStructure	DECOMPOSE_IMPLEMENTATION_UMBRELLA	ValencyAndArgumentStructure	31	52	CP022-I5_VALENCY_COMPLEMENTS_STANCE_ARCHITECTURE	EP-R36-L45	NOT_AUTHORIZED	NARROW_OR_REALIGN_ONLY_AS_PACKET_SPECIFIES	CASE_BY_CASE	NOT_SELECTED_NOT_OPENED	Retain as an internal transparent wrapper only after lexeme/use valency and complement type are established; keep overt objects, null arguments, relative gaps, and ditransitives distinct.
ProductiveVO	L45	ValencyAndArgumentStructure	DECOMPOSE_IMPLEMENTATION_UMBRELLA	ValencyAndArgumentStructure	24	60	CP022-I5_VALENCY_COMPLEMENTS_STANCE_ARCHITECTURE	EP-R36-L45	NOT_AUTHORIZED	NARROW_OR_REALIGN_ONLY_AS_PACKET_SPECIFIES	CASE_BY_CASE	NOT_SELECTED_NOT_OPENED	Retire the language-level productivity claim; retain only transparent internal VO composition after lexeme valency, complement type, omission, and construction-specific licensing are established.
DegreeStativePredicate	L42	StativePredication	RETAIN_OR_SPLIT_NARROW_SUBTYPE	StativePredication	21	17	CP022-I5_VALENCY_COMPLEMENTS_STANCE_ARCHITECTURE	EP-R36-L42	NOT_AUTHORIZED	NARROW_OR_REALIGN_ONLY_AS_PACKET_SPECIFIES	CASE_BY_CASE	NOT_SELECTED_NOT_OPENED	Retain overt degree tokens; research 太, 有啲, degree stacking, and discourse-sensitive bare predicates separately before productive licensing.
ModalVP	L29	Modality	DECOMPOSE_IMPLEMENTATION_UMBRELLA	Modality	15	35	CP022-I5_VALENCY_COMPLEMENTS_STANCE_ARCHITECTURE	EP-R36-L29	NOT_AUTHORIZED	NARROW_OR_REALIGN_ONLY_AS_PACKET_SPECIFIES	CASE_BY_CASE	NOT_SELECTED_NOT_OPENED	Split lexical auxiliary subtypes, suppletive negative/question forms, clause wrappers, and modal scope over independently licensed VP chains; remove broad modal × VP-family inference before implementation.
OpinionStanceFrame	L31	CognitionAndStance	RETAIN_OR_SPLIT_NARROW_SUBTYPE	CognitionAndStance	15	21	CP022-I5_VALENCY_COMPLEMENTS_STANCE_ARCHITECTURE	EP-R36-L31	NOT_AUTHORIZED	NARROW_OR_REALIGN_ONLY_AS_PACKET_SPECIFIES	CASE_BY_CASE	NOT_SELECTED_NOT_OPENED	Split lexeme-specific matrix complement frames from clause-initial, parenthetical, and right-peripheral stance uses; quarantine generic focus and complement-ellipsis shortcuts.
DesiderativeVP	L30	DesirePreferenceAndIntention	RETAIN_OR_SPLIT_NARROW_SUBTYPE	DesirePreferenceAndIntention	12	17	CP022-I5_VALENCY_COMPLEMENTS_STANCE_ARCHITECTURE	EP-R36-L30	NOT_AUTHORIZED	NARROW_OR_REALIGN_ONLY_AS_PACKET_SPECIFIES	CASE_BY_CASE	NOT_SELECTED_NOT_OPENED	Separate 想 and 要 readings, NP versus VP complementation, and desire versus necessity polarity; quarantine the generic degree/cooccurrence fallback.
NegatedExistentialFragment	L05	FragmentsAndEllipsis	RETAIN_OR_SPLIT_NARROW_SUBTYPE	FragmentsAndEllipsis	11	14	CP022-I5_VALENCY_COMPLEMENTS_STANCE_ARCHITECTURE	EP-R36-L05	NOT_AUTHORIZED	NARROW_OR_REALIGN_ONLY_AS_PACKET_SPECIFIES	CASE_BY_CASE	NOT_SELECTED_NOT_OPENED	Retain context-required status; independently validate subject, focus, repetition, and particle extensions before promotion.
VerbComplementVP	L12	ResultAndPotentialComplements	DECOMPOSE_IMPLEMENTATION_UMBRELLA	ResultAndPotentialComplements	9	23	CP022-I5_VALENCY_COMPLEMENTS_STANCE_ARCHITECTURE	EP-R36-L12	NOT_AUTHORIZED	NARROW_OR_REALIGN_ONLY_AS_PACKET_SPECIFIES	CASE_BY_CASE	NOT_SELECTED_NOT_OPENED	Split descriptive, directional, resultative, restorative, repetitive, and caused-motion profiles; keep umbrella internal-only until replacement design.
FragmentAnswer	L05	FragmentsAndEllipsis	RETAIN_OR_SPLIT_NARROW_SUBTYPE	FragmentsAndEllipsis	8	19	CP022-I5_VALENCY_COMPLEMENTS_STANCE_ARCHITECTURE	EP-R36-L05	NOT_AUTHORIZED	NARROW_OR_REALIGN_ONLY_AS_PACKET_SPECIFIES	CASE_BY_CASE	NOT_SELECTED_NOT_OPENED	Separate response particles, predicate/aspect repetition, lexeme-specific modal replies, and discourse-linked stance answers; realign possessor+嘅 with headless nominal analysis and preserve context without inserting hidden words.
ReportedSpeech	L32	SpeechReportingAndCommunicationEffect	RETAIN_OR_SPLIT_NARROW_SUBTYPE	SpeechReportingAndCommunicationEffect	7	18	CP022-I5_VALENCY_COMPLEMENTS_STANCE_ARCHITECTURE	EP-R36-L32	NOT_AUTHORIZED	NARROW_OR_REALIGN_ONLY_AS_PACKET_SPECIFIES	CASE_BY_CASE	NOT_SELECTED_NOT_OPENED	Split lexical 話, complementizer-like/hearsay 話, and reported-thought profiles; keep direct/indirect and CP analyses neutral; require context for one-token reported content.
StativePredicate	L42	StativePredication	DECOMPOSE_IMPLEMENTATION_UMBRELLA	StativePredication	6	23	CP022-I5_VALENCY_COMPLEMENTS_STANCE_ARCHITECTURE	EP-R36-L42	NOT_AUTHORIZED	NARROW_OR_REALIGN_ONLY_AS_PACKET_SPECIFIES	CASE_BY_CASE	NOT_SELECTED_NOT_OPENED	Split bare property predicate, overt degree-marked predicate, overt negated predicate, lexicalized unit, and clause-level subject predication before any implementation; keep bundle routing internal.
TemporalClause	L03	TemporalAndSequentialRelations	DECOMPOSE_IMPLEMENTATION_UMBRELLA	TemporalAndSequentialRelations	6	19	CP022-I5_VALENCY_COMPLEMENTS_STANCE_ARCHITECTURE	EP-R36-L03	NOT_AUTHORIZED	NARROW_OR_REALIGN_ONLY_AS_PACKET_SPECIFIES	CASE_BY_CASE	NOT_SELECTED_NOT_OPENED	Separate simple temporal framing from subordinate temporal clauses and retire role-driven fallback logic in any future authorized design.
ComplementEllipsisFragment	L05	FragmentsAndEllipsis	RETAIN_OR_SPLIT_NARROW_SUBTYPE	FragmentsAndEllipsis	5	15	CP022-I5_VALENCY_COMPLEMENTS_STANCE_ARCHITECTURE	EP-R36-L05	NOT_AUTHORIZED	NARROW_OR_REALIGN_ONLY_AS_PACKET_SPECIFIES	CASE_BY_CASE	NOT_SELECTED_NOT_OPENED	Split existential-domain omission, response particles/propositional anaphora, independently evidenced copular omission, null arguments, and selectively licensed VP ellipsis; preserve overt tokens and unresolved antecedent status.
CoverbFrame	L01	CoverbAndParticipantRelations	DECOMPOSE_IMPLEMENTATION_UMBRELLA	CoverbAndParticipantRelations	5	25	CP022-I5_VALENCY_COMPLEMENTS_STANCE_ARCHITECTURE	EP-R36-L01	NOT_AUTHORIZED	NARROW_OR_REALIGN_ONLY_AS_PACKET_SPECIFIES	CASE_BY_CASE	NOT_SELECTED_NOT_OPENED	Preserve frozen behavior; apply R23 marker, relation, position, scope, overt-噉, and transparent-wrapper boundaries before any implementation.
CognitionContentFrame	L31	CognitionAndStance	RETAIN_OR_SPLIT_NARROW_SUBTYPE	CognitionAndStance	4	12	CP022-I5_VALENCY_COMPLEMENTS_STANCE_ARCHITECTURE	EP-R36-L31	NOT_AUTHORIZED	NARROW_OR_REALIGN_ONLY_AS_PACKET_SPECIFIES	CASE_BY_CASE	NOT_SELECTED_NOT_OPENED	Retain only overt, lexeme-licensed complement profiles; do not use parser slot compatibility as a grammar cross-product; separate lexical ignorance from stance uses.
IntransitiveVP	L45	ValencyAndArgumentStructure	DECOMPOSE_IMPLEMENTATION_UMBRELLA	ValencyAndArgumentStructure	4	9	CP022-I5_VALENCY_COMPLEMENTS_STANCE_ARCHITECTURE	EP-R36-L45	NOT_AUTHORIZED	NARROW_OR_REALIGN_ONLY_AS_PACKET_SPECIFIES	CASE_BY_CASE	NOT_SELECTED_NOT_OPENED	Replace the generic action_verb-only template with sourced lexeme/use valency and typed omission diagnostics; preserve genuine one-place predicates without fabricating objects.
QuantityNP	L16	ClassifierAndQuantityNP	DECOMPOSE_IMPLEMENTATION_UMBRELLA	ClassifierAndQuantityNP	4	13	CP022-I5_VALENCY_COMPLEMENTS_STANCE_ARCHITECTURE	EP-R36-L16	NOT_AUTHORIZED	NARROW_OR_REALIGN_ONLY_AS_PACKET_SPECIFIES	CASE_BY_CASE	NOT_SELECTED_NOT_OPENED	Preserve the R19 evidence boundaries; any runtime change requires a separate authorized implementation and validation event.
DegreeMannerAdverbial	L37	MannerAndReduplication	DECOMPOSE_IMPLEMENTATION_UMBRELLA	MannerAndReduplication	3	16	CP022-I5_VALENCY_COMPLEMENTS_STANCE_ARCHITECTURE	EP-R36-L37	NOT_AUTHORIZED	NARROW_OR_REALIGN_ONLY_AS_PACKET_SPECIFIES	CASE_BY_CASE	NOT_SELECTED_NOT_OPENED	Preserve frozen behavior; apply R23 marker, relation, position, scope, overt-噉, and transparent-wrapper boundaries before any implementation.
FragmentQuestion	L05	FragmentsAndEllipsis	RETAIN_OR_SPLIT_NARROW_SUBTYPE	FragmentsAndEllipsis	2	20	CP022-I5_VALENCY_COMPLEMENTS_STANCE_ARCHITECTURE	EP-R36-L05	NOT_AUTHORIZED	NARROW_OR_REALIGN_ONLY_AS_PACKET_SPECIFIES	CASE_BY_CASE	NOT_SELECTED_NOT_OPENED	Retain context-linked thematic topic+呢 narrowly; obtain direct full-source evidence for exact 你呢 and bare 呢 before promotion, and preserve other ne1 question/declarative analyses.
NegativeCognitionFragment	L05	FragmentsAndEllipsis	RETAIN_OR_SPLIT_NARROW_SUBTYPE	FragmentsAndEllipsis	1	11	CP022-I5_VALENCY_COMPLEMENTS_STANCE_ARCHITECTURE	EP-R36-L05	NOT_AUTHORIZED	NARROW_OR_REALIGN_ONLY_AS_PACKET_SPECIFIES	CASE_BY_CASE	NOT_SELECTED_NOT_OPENED	Split lexical negative cognition, overt-content sequences, stance markers, and standalone answer fragments; preserve context requirement and overt particles.
CognitionDelimitedVP	L31	CognitionAndStance	RETAIN_OR_SPLIT_NARROW_SUBTYPE	CognitionAndStance	0	9	CP022-I5_VALENCY_COMPLEMENTS_STANCE_ARCHITECTURE	EP-R36-L31	NOT_AUTHORIZED	NARROW_OR_REALIGN_ONLY_AS_PACKET_SPECIFIES	CASE_BY_CASE	NOT_SELECTED_NOT_OPENED	Merge cognition+吓 into ordinary delimitative composition with lexeme restrictions; retain exact source and complement structure.
DegreeModifiedLexicalStative	L42	StativePredication	RETAIN_LEXICALIZED_PROFILE	StativePredication	0	11	CP022-I5_VALENCY_COMPLEMENTS_STANCE_ARCHITECTURE	EP-R36-L42	NOT_AUTHORIZED	NARROW_OR_REALIGN_ONLY_AS_PACKET_SPECIFIES	CASE_BY_CASE	NOT_SELECTED_NOT_OPENED	Keep quarantined or lexically enumerated until exact corpus examples establish degree + lexicalized property combinations such as 好好食 and their context conditions.
DitransitiveSpeechVP	L32	SpeechReportingAndCommunicationEffect	RETAIN_OR_SPLIT_NARROW_SUBTYPE	SpeechReportingAndCommunicationEffect	0	10	CP022-I5_VALENCY_COMPLEMENTS_STANCE_ARCHITECTURE	EP-R36-L32	NOT_AUTHORIZED	NARROW_OR_REALIGN_ONLY_AS_PACKET_SPECIFIES	CASE_BY_CASE	NOT_SELECTED_NOT_OPENED	Retain exact 話+recipient+知 evidence, preserve both verbs, and prohibit category-wide cross-product generation.
IntentionFrame	L30	DesirePreferenceAndIntention	RETAIN_LEXICALIZED_PROFILE	DesirePreferenceAndIntention	0	11	CP022-I5_VALENCY_COMPLEMENTS_STANCE_ARCHITECTURE	EP-R36-L30	NOT_AUTHORIZED	NARROW_OR_REALIGN_ONLY_AS_PACKET_SPECIFIES	CASE_BY_CASE	NOT_SELECTED_NOT_OPENED	Narrow to lexicalized 諗住 senses and typed complements; split planning from cognition/assumption and ordinary V住.
PreferenceVP	L30	DesirePreferenceAndIntention	RETAIN_OR_SPLIT_NARROW_SUBTYPE	DesirePreferenceAndIntention	0	12	CP022-I5_VALENCY_COMPLEMENTS_STANCE_ARCHITECTURE	EP-R36-L30	NOT_AUTHORIZED	NARROW_OR_REALIGN_ONLY_AS_PACKET_SPECIFIES	CASE_BY_CASE	NOT_SELECTED_NOT_OPENED	Split 鍾意 main-verb NP, clause-like, and auxiliary-like VP uses; retire token-presence fallback and keep word-class analysis neutral.
CognitionStatementClause	L31	CognitionAndStance	QUARANTINE_EXACT_GAP	CognitionAndStance	8	13	HOLD_RESEARCH_OR_EXACT_EVIDENCE_GAP	EP-R36-L31	NOT_AUTHORIZED	NARROW_OR_REALIGN_ONLY_AS_PACKET_SPECIFIES	CASE_BY_CASE	NOT_SELECTED_NOT_OPENED	Keep exact positive 我知 profile quarantined pending direct authority; treat all omitted content as context-dependent and do not fabricate a proposition.
TopicComment	I05	DiscourseRoleStructure	QUARANTINE_INTERNAL_MATCHER	DiscourseRoleStructure	1	23	HOLD_RESEARCH_OR_EXACT_EVIDENCE_GAP	EP-R36-I05	NOT_AUTHORIZED	NARROW_OR_REALIGN_ONLY_AS_PACKET_SPECIFIES	CASE_BY_CASE	NOT_SELECTED_NOT_OPENED	Quarantine for remediation; require a complete typed comment predicate, full-span coverage, and independently supported topic/comment relation.
AcceptabilityANotA	L23	ANotAQuestions	QUARANTINE_EXACT_GAP	ANotAQuestions	0	10	HOLD_RESEARCH_OR_EXACT_EVIDENCE_GAP	EP-R36-L23	NOT_AUTHORIZED	NARROW_OR_REALIGN_ONLY_AS_PACKET_SPECIFIES	CASE_BY_CASE	NOT_SELECTED_NOT_OPENED	Keep quarantined as a distinct node pending exact primary construction evidence; consider merging overt 得唔得 into lexical predicate A-not-A rather than assuming a special template.
CognitionDelimitedObjectVP	L31	CognitionAndStance	QUARANTINE_EXACT_GAP	CognitionAndStance	0	10	HOLD_RESEARCH_OR_EXACT_EVIDENCE_GAP	EP-R36-L31	NOT_AUTHORIZED	NARROW_OR_REALIGN_ONLY_AS_PACKET_SPECIFIES	CASE_BY_CASE	NOT_SELECTED_NOT_OPENED	Split nominal, propositional, polar-clausal, and omitted content; keep 音樂嘅嘢 exact template quarantined pending direct evidence.
DefinitionExplanatoryFrame	I06	CopularComposition	QUARANTINE_INTERNAL_MATCHER	CopularComposition	0	14	HOLD_RESEARCH_OR_EXACT_EVIDENCE_GAP	EP-R36-I06	NOT_AUTHORIZED	NARROW_OR_REALIGN_ONLY_AS_PACKET_SPECIFIES	CASE_BY_CASE	NOT_SELECTED_NOT_OPENED	Keep quarantined. In consolidation, either merge it into sourced copular/identity/question components or reclassify the retained exact construction to the language layer before implementation.
IdentificationFragment	L05	FragmentsAndEllipsis	QUARANTINE_EXACT_GAP	FragmentsAndEllipsis	0	13	HOLD_RESEARCH_OR_EXACT_EVIDENCE_GAP	EP-R36-L05	NOT_AUTHORIZED	NARROW_OR_REALIGN_ONLY_AS_PACKET_SPECIFIES	CASE_BY_CASE	NOT_SELECTED_NOT_OPENED	Split ordinary copular/focus 就係 from particle-bound utterance uses; require direct context for fragment status and do not make the final-particle slot freely optional.
LocativeFragment	L05	FragmentsAndEllipsis	QUARANTINE_EXACT_GAP	FragmentsAndEllipsis	0	12	HOLD_RESEARCH_OR_EXACT_EVIDENCE_GAP	EP-R36-L05	NOT_AUTHORIZED	NARROW_OR_REALIGN_ONLY_AS_PACKET_SPECIFIES	CASE_BY_CASE	NOT_SELECTED_NOT_OPENED	Represent the overt locative phrase compositionally; require discourse context for standalone-answer status and preserve spatial/progressive ambiguity without hidden figures.
PostposedExistentialQuestion	L24	ExistentialQuestions	QUARANTINE_EXACT_GAP	ExistentialQuestions	0	10	HOLD_RESEARCH_OR_EXACT_EVIDENCE_GAP	EP-R36-L24	NOT_AUTHORIZED	NARROW_OR_REALIGN_ONLY_AS_PACKET_SPECIFIES	CASE_BY_CASE	NOT_SELECTED_NOT_OPENED	Quarantine pending direct corpus attestation and independent analysis of 有 + NP + 冇; no analogy-based licensing.
SchedulingQuestion	L25	TypedWhAndStanceQuestions	QUARANTINE_EXACT_GAP	TypedWhAndStanceQuestions	0	11	HOLD_RESEARCH_OR_EXACT_EVIDENCE_GAP	EP-R36-L25	NOT_AUTHORIZED	NARROW_OR_REALIGN_ONLY_AS_PACKET_SPECIFIES	CASE_BY_CASE	NOT_SELECTED_NOT_OPENED	Preserve R30 marker, complement, scope, and exact-gap boundaries; any merge, split, retirement, or runtime change requires a separately authorized implementation and validation event.
SeemingPerfectiveResultClause	L15	ResultativeAndChangePredication	QUARANTINE_EXACT_GAP	ResultativeAndChangePredication	0	11	HOLD_RESEARCH_OR_EXACT_EVIDENCE_GAP	EP-R36-L15	NOT_AUTHORIZED	NARROW_OR_REALIGN_ONLY_AS_PACKET_SPECIFIES	CASE_BY_CASE	NOT_SELECTED_NOT_OPENED	Quarantine/merge fixed six-slot wrapper into ordinary stance, temporal, locative, weather, and aspect composition.
TimeToActionFrame	L44	TemporalAndMeasurePredication	QUARANTINE_EXACT_GAP	TemporalAndMeasurePredication	0	11	HOLD_RESEARCH_OR_EXACT_EVIDENCE_GAP	EP-R36-L44	NOT_AUTHORIZED	NARROW_OR_REALIGN_ONLY_AS_PACKET_SPECIFIES	CASE_BY_CASE	NOT_SELECTED_NOT_OPENED	Keep quarantined or merge into ordinary copular/temporal/predicate components until the exact 係時候+action construction is directly sourced.
TransformationResultPredicate	L15	ResultativeAndChangePredication	QUARANTINE_EXACT_GAP	ResultativeAndChangePredication	0	10	HOLD_RESEARCH_OR_EXACT_EVIDENCE_GAP	EP-R36-L15	NOT_AUTHORIZED	NARROW_OR_REALIGN_ONLY_AS_PACKET_SPECIFIES	CASE_BY_CASE	NOT_SELECTED_NOT_OPENED	Keep exact 變咗做 and 做-linker analysis research-pending; do not analogize from 變成.
VPComplementFrame	I07	ComplementGrouping	QUARANTINE_INTERNAL_MATCHER	ComplementGrouping	0	27	HOLD_RESEARCH_OR_EXACT_EVIDENCE_GAP	EP-R36-I07	NOT_AUTHORIZED	NARROW_OR_REALIGN_ONLY_AS_PACKET_SPECIFIES	CASE_BY_CASE	NOT_SELECTED_NOT_OPENED	Quarantine the generic fallback; replace with lexeme/construction-specific complement licensing or merge transparent grouping into typed predicate families.
